,kepid,kepoi_name,kepler_name,koi_disposition,koi_period,koi_duration,koi_depth,koi_prad,koi_steff,koi_srad,koi_teq
0,10797460,K00752.01,Kepler-227 b,CONFIRMED,9.48803557,2.9575,615.8,2.26,5455.0,0.927,793.0
1,10797460,K00752.02,Kepler-227 c,CONFIRMED,54.4183827,4.507,874.8,2.83,5455.0,0.927,443.0
2,10854555,K00755.01,Kepler-664 b,CONFIRMED,2.525591777,1.6545,603.3,2.75,6031.0,1.046,1406.0
3,10872983,K00756.01,Kepler-228 d,CONFIRMED,11.09432054,4.5945,1517.5,3.9,6046.0,0.972,835.0
4,10872983,K00756.02,Kepler-228 c,CONFIRMED,4.13443512,3.1402,686.0,2.77,6046.0,0.972,1160.0
5,10872983,K00756.03,Kepler-228 b,CONFIRMED,2.56658897,2.429,226.5,1.59,6046.0,0.972,1360.0
6,10910878,K00757.01,Kepler-229 c,CONFIRMED,16.06864674,3.5347,4914.3,5.76,5031.0,0.848,600.0
7,11446443,K00001.01,Kepler-1 b,CONFIRMED,2.470613377,1.74319,14230.9,13.04,5820.0,0.964,1339.0
8,10666592,K00002.01,Kepler-2 b,CONFIRMED,2.204735417,3.88864,6674.7,16.1,6440.0,1.952,2048.0
9,6922244,K00010.01,Kepler-8 b,CONFIRMED,3.522498429,3.19843,9145.7,14.59,6225.0,1.451,1521.0
10,10984090,K00112.02,Kepler-466 c,CONFIRMED,3.709214104,2.6302,131.1,1.16,5833.0,1.022,1206.0
11,10526549,K00746.01,Kepler-660 b,CONFIRMED,9.27358173,3.2875,1288.3,2.47,4856.0,0.696,649.0
12,10583066,K00747.01,Kepler-661 b,CONFIRMED,6.02930329,1.5821,1912.7,2.85,4537.0,0.672,678.0
13,10601284,K00749.01,Kepler-226 c,CONFIRMED,5.349553819,3.0278,831.0,2.55,5185.0,0.91,919.0
14,10601284,K00749.02,Kepler-226 b,CONFIRMED,3.94105221,2.5984,363.3,1.7,5185.0,0.91,1018.0
15,10601284,K00749.03,Kepler-226 d,CONFIRMED,8.10904807,3.596,217.4,1.3,5185.0,0.91,800.0
16,10662202,K00750.01,Kepler-662 b,CONFIRMED,21.67699193,3.4555,857.2,2.95,4954.0,0.828,530.0
17,10682541,K00751.01,Kepler-663 b,CONFIRMED,4.99677968,2.1717,934.7,2.78,5339.0,0.847,917.0
18,11460018,K00769.01,Kepler-671 b,CONFIRMED,4.280963604,2.875,750.8,2.3,5644.0,0.831,1012.0
19,11507101,K00773.01,Kepler-672 b,CONFIRMED,38.3775486,5.588,724.2,2.82,5481.0,1.036,529.0
20,10910878,K00757.02,Kepler-229 d,CONFIRMED,41.19725502,4.6297,2213.9,3.86,5031.0,0.848,439.0
21,10910878,K00757.03,Kepler-229 b,CONFIRMED,6.252962249,2.5819,1036.9,2.65,5031.0,0.848,823.0
22,10987985,K00758.01,Kepler-665 b,CONFIRMED,16.01308419,3.2554,1121.9,3.1,5015.0,0.826,593.0
23,11018648,K00759.01,Kepler-230 b,CONFIRMED,32.62876672,4.7971,1804.8,3.36,5586.0,0.798,506.0
24,11018648,K00759.02,Kepler-230 c,CONFIRMED,91.7732862,6.473,652.0,2.12,5586.0,0.798,359.0
25,11138155,K00760.01,Kepler-1976 b,CONFIRMED,4.959319244,2.22739,9802.0,12.21,5712.0,1.082,1103.0
26,11153539,K00762.01,Kepler-666 b,CONFIRMED,4.49876511,3.7362,460.0,2.1,6075.0,0.969,1133.0
27,9579641,K00115.01,Kepler-105 b,CONFIRMED,5.412203927,2.9472,601.6,2.94,5779.0,1.087,1093.0
28,11304958,K00764.01,Kepler-667 b,CONFIRMED,41.43958662,10.5989,2793.1,5.5,5468.0,1.046,516.0
29,11391957,K00765.01,Kepler-668 b,CONFIRMED,8.35389523,2.2514,1041.6,2.52,5592.0,0.787,790.0
30,11403044,K00766.01,Kepler-669 b,CONFIRMED,4.125543472,3.1744,1487.3,4.43,6174.0,1.103,1243.0
31,11414511,K00767.01,Kepler-670 b,CONFIRMED,2.816504904,2.50587,16813.7,12.21,5532.0,0.955,1219.0
32,12110942,K00786.01,Kepler-680 b,CONFIRMED,3.689920099,2.6557,426.7,1.89,5880.0,0.917,1147.0
33,12366084,K00787.01,Kepler-232 b,CONFIRMED,4.431238488,3.15,1010.9,3.25,5714.0,1.015,1104.0
34,12366084,K00787.02,Kepler-232 c,CONFIRMED,11.37936986,2.6255,1023.5,3.95,5714.0,1.015,806.0
35,12404086,K00788.01,Kepler-681 b,CONFIRMED,26.39432897,3.573,1510.9,3.07,5129.0,0.763,489.0
36,8395660,K00116.01,Kepler-106 c,CONFIRMED,13.57078281,3.3539,511.7,2.64,5854.0,1.012,785.0
37,9579641,K00115.02,Kepler-105 c,CONFIRMED,7.12594387,3.0014,192.4,1.79,5779.0,1.087,997.0
38,11754553,K00775.01,Kepler-52 c,CONFIRMED,16.38489988,3.0249,1127.1,2.0,4126.0,0.615,433.0
39,11754553,K00775.02,Kepler-52 b,CONFIRMED,7.8774163,2.0805,1306.1,2.16,4126.0,0.615,553.0
40,11754553,K00775.03,Kepler-52 d,CONFIRMED,36.4454001,4.007,1122.3,1.99,4126.0,0.615,332.0
41,11812062,K00776.01,Kepler-673 b,CONFIRMED,3.728732147,2.683,5226.5,6.02,5497.0,0.809,1023.0
42,11853255,K00778.01,Kepler-674 b,CONFIRMED,2.243380573,1.1196,821.7,1.99,4149.0,0.564,822.0
43,11918099,K00780.01,Kepler-675 b,CONFIRMED,2.337437946,1.9982,971.2,2.34,5005.0,0.765,1070.0
44,11923270,K00781.01,Kepler-676 b,CONFIRMED,11.59822233,2.5237,2804.5,2.65,3688.0,0.473,396.0
45,11960862,K00782.01,Kepler-677 b,CONFIRMED,6.575315881,4.3084,2793.3,5.31,5992.0,0.989,1015.0
46,12020329,K00783.01,Kepler-678 b,CONFIRMED,7.275040844,7.5377,3001.0,4.86,5485.0,0.867,833.0
47,12066335,K00784.01,Kepler-231 c,CONFIRMED,19.27153892,2.7594,1219.8,1.93,4077.0,0.56,393.0
48,12066335,K00784.02,Kepler-231 b,CONFIRMED,10.06524317,1.369,1053.3,1.91,4077.0,0.56,488.0
49,12070811,K00785.01,Kepler-679 b,CONFIRMED,12.3935651,3.8896,916.6,2.66,5557.0,0.75,677.0
50,8395660,K00116.02,Kepler-106 e,CONFIRMED,43.84439721,6.802,615.2,2.87,5854.0,1.012,531.0
51,3342970,K00800.01,Kepler-234 b,CONFIRMED,2.711504086,3.0099,837.5,3.12,6214.0,1.076,1420.0
52,3342970,K00800.02,Kepler-234 c,CONFIRMED,7.21203748,4.0491,950.4,3.32,6214.0,1.076,1025.0
53,12470844,K00790.01,Kepler-233 b,CONFIRMED,8.47237911,2.7245,1123.5,2.59,5354.0,0.788,751.0
54,12470844,K00790.02,Kepler-233 c,CONFIRMED,60.4189369,5.039,931.3,2.36,5354.0,0.788,390.0
55,12644822,K00791.01,Kepler-682 b,CONFIRMED,12.611904345,5.1497,6105.6,7.4,5795.0,0.919,753.0
56,2713049,K00794.01,Kepler-683 b,CONFIRMED,2.539183147,2.4282,382.1,2.06,5519.0,1.062,1332.0
57,3114167,K00795.01,Kepler-684 b,CONFIRMED,6.770300385,2.0844,1304.0,2.77,5653.0,0.679,812.0
58,4139816,K00812.02,Kepler-235 d,CONFIRMED,20.06036336,3.3203,1494.7,1.96,3950.0,0.493,361.0
59,4139816,K00812.03,Kepler-235 e,CONFIRMED,46.1842039,4.758,1394.7,1.83,3950.0,0.493,273.0
60,8395660,K00116.04,Kepler-106 d,CONFIRMED,23.9800854,5.351,104.0,1.31,5854.0,1.012,649.0
61,4139816,K00812.04,Kepler-235 c,CONFIRMED,7.82502168,2.186,520.8,1.2,3950.0,0.493,494.0
62,4275191,K00813.01,Kepler-688 b,CONFIRMED,3.895936525,2.3111,8544.8,7.34,5557.0,0.774,1005.0
63,4476123,K00814.01,Kepler-689 b,CONFIRMED,22.36646466,5.228,986.8,2.32,5395.0,0.734,536.0
64,3351888,K00801.01,Kepler-685 b,CONFIRMED,1.625522174,2.38963,7969.0,9.73,5539.0,1.106,1579.0
65,3641726,K00804.01,Kepler-1727 b,CONFIRMED,9.02930689,3.1449,1019.8,2.57,5349.0,0.82,757.0
66,3832474,K00806.01,Kepler-30 d,CONFIRMED,143.2063047,8.9302,10565.7,8.9,5485.0,0.867,308.0
67,8395660,K00116.03,Kepler-106 b,CONFIRMED,6.164876,3.262,55.8,0.79,5854.0,1.012,1021.0
68,3832474,K00806.02,Kepler-30 c,CONFIRMED,60.32494216,6.6188,20280.4,12.19,5485.0,0.867,411.0
69,3832474,K00806.03,Kepler-30 b,CONFIRMED,29.1598615,4.803,488.0,1.91,5485.0,0.867,524.0
70,3935914,K00809.01,Kepler-686 b,CONFIRMED,1.594745374,1.9604,15044.5,11.3,5934.0,0.893,1539.0
71,3940418,K00810.01,Kepler-1728 b,CONFIRMED,4.783002698,2.335,1008.7,2.5,5170.0,0.807,886.0
72,4049131,K00811.01,Kepler-687 b,CONFIRMED,20.50588921,4.0595,2105.5,3.41,4905.0,0.761,518.0
73,4139816,K00812.01,Kepler-235 b,CONFIRMED,3.340218842,1.9104,1632.6,2.03,3950.0,0.493,656.0
74,5358241,K00829.01,Kepler-53 b,CONFIRMED,18.64932728,4.4056,893.6,3.12,5775.0,1.053,701.0
75,10875245,K00117.02,Kepler-107 c,CONFIRMED,4.90144976,4.1654,140.7,1.7,5847.0,1.402,1262.0
76,5358241,K00829.02,Kepler-53 d,CONFIRMED,9.75192101,4.793,418.0,2.76,5775.0,1.053,870.0
77,5358241,K00829.03,Kepler-53 c,CONFIRMED,38.5576546,5.794,993.0,4.02,5775.0,1.053,550.0
78,5358624,K00830.01,Kepler-428 b,CONFIRMED,3.525632539,2.59959,22335.0,11.58,5150.0,0.793,975.0
79,4664847,K00816.01,Kepler-690 b,CONFIRMED,7.748094239,3.5957,2472.1,5.52,5973.0,1.085,964.0
80,4725681,K00817.01,Kepler-236 c,CONFIRMED,23.96793669,3.827,1182.3,1.8,3747.0,0.524,329.0
81,4725681,K00817.02,Kepler-236 b,CONFIRMED,8.29561738,1.3421,824.3,1.82,3747.0,0.524,469.0
82,4913852,K00818.01,Kepler-691 b,CONFIRMED,8.11437482,2.2736,1558.0,2.1,3692.0,0.517,460.0
83,10875245,K00117.01,Kepler-107 e,CONFIRMED,14.74914825,6.0995,430.2,2.89,5847.0,1.402,874.0
84,5021899,K00821.01,Kepler-692 b,CONFIRMED,21.81295996,4.3791,1175.4,3.38,5601.0,0.999,639.0
85,5164255,K00824.01,Kepler-693 b,CONFIRMED,15.37562369,3.3169,15337.0,11.01,4986.0,0.833,600.0
86,5252423,K00825.01,Kepler-237 c,CONFIRMED,8.10363271,3.161,887.9,2.11,4861.0,0.732,687.0
87,5252423,K00825.02,Kepler-237 b,CONFIRMED,4.71510843,2.506,417.5,1.46,4861.0,0.732,823.0
88,5272878,K00826.01,Kepler-694 b,CONFIRMED,6.365839713,2.9721,780.7,2.44,5776.0,0.849,914.0
89,5651104,K00840.01,Kepler-695 b,CONFIRMED,3.04033046,1.8411,10858.8,8.99,5035.0,0.791,1021.0
90,5792202,K00841.01,Kepler-27 b,CONFIRMED,15.33528675,3.897,3081.4,5.0,5251.0,0.817,610.0
91,10875245,K00117.04,Kepler-107 d,CONFIRMED,7.95825328,4.377,50.0,1.06,5847.0,1.402,1074.0
92,5792202,K00841.02,Kepler-27 c,CONFIRMED,31.33046135,5.176,5073.8,6.5,5251.0,0.817,481.0
93,5436502,K00834.01,Kepler-238 e,CONFIRMED,23.65369415,8.2183,3341.8,7.89,5739.0,1.384,731.0
94,5436502,K00834.02,Kepler-238 d,CONFIRMED,13.23352214,6.7372,504.6,3.06,5739.0,1.384,888.0
95,5436502,K00834.03,Kepler-238 c,CONFIRMED,6.15560285,4.9843,285.0,2.32,5739.0,1.384,1146.0
96,5436502,K00834.04,Kepler-238 b,CONFIRMED,2.090811305,3.388,115.9,1.62,5739.0,1.384,1642.0
97,10875245,K00117.03,Kepler-107 b,CONFIRMED,3.180027898,3.5797,120.3,1.53,5847.0,1.402,1458.0
98,5436502,K00834.05,Kepler-238 f,CONFIRMED,50.4467417,7.159,370.3,2.67,5739.0,1.384,568.0
99,5456651,K00835.01,Kepler-239 b,CONFIRMED,11.76307164,2.9076,1037.3,2.35,4959.0,0.756,616.0
100,5456651,K00835.02,Kepler-239 c,CONFIRMED,56.2279271,3.57,862.7,2.37,4959.0,0.756,366.0
101,5531576,K00837.01,Kepler-240 c,CONFIRMED,7.953547,2.6312,875.4,2.25,4768.0,0.779,696.0
102,5531576,K00837.02,Kepler-240 b,CONFIRMED,4.14451656,2.3421,391.8,1.48,4768.0,0.779,864.0
103,6291653,K00850.01,Kepler-702 b,CONFIRMED,10.526294577,2.5211,9768.0,8.24,5386.0,0.793,713.0
104,6392727,K00851.01,Kepler-703 b,CONFIRMED,4.583520948,2.7055,3812.1,5.39,5815.0,0.877,1038.0
105,6422070,K00852.01,Kepler-704 b,CONFIRMED,3.76181843,3.5176,510.6,2.66,5653.0,0.949,1121.0
106,6428700,K00853.01,Kepler-242 b,CONFIRMED,8.20396958,2.9667,1024.4,3.01,5015.0,0.826,742.0
107,6428700,K00853.02,Kepler-242 c,CONFIRMED,14.49645186,4.016,647.5,3.01,5015.0,0.826,613.0
108,5792202,K00841.03,Kepler-27 d,CONFIRMED,6.54626149,2.75,655.9,2.19,5251.0,0.817,810.0
109,5794379,K00842.01,Kepler-241 b,CONFIRMED,12.71809866,3.0957,1149.4,2.31,4702.0,0.686,562.0
110,5794379,K00842.02,Kepler-241 c,CONFIRMED,36.06588163,4.3246,1563.8,2.64,4702.0,0.686,397.0
111,5881688,K00843.01,Kepler-696 b,CONFIRMED,4.190425659,2.8589,2877.4,6.21,6073.0,1.135,1234.0
112,6022556,K00844.01,Kepler-697 b,CONFIRMED,3.709870784,3.0694,2020.3,4.35,5727.0,0.978,1151.0
113,6032497,K00845.01,Kepler-698 b,CONFIRMED,16.3297527,6.271,1187.5,3.75,5878.0,0.987,727.0
114,6061119,K00846.01,Kepler-699 b,CONFIRMED,27.807566216,4.21587,25391.1,13.84,5862.0,0.785,554.0
115,6191521,K00847.01,Kepler-700 b,CONFIRMED,80.8723469,11.195,3604.6,7.59,5510.0,1.238,452.0
116,3531558,K00118.01,Kepler-467 b,CONFIRMED,24.99324319,5.9409,269.6,2.29,5718.0,1.317,712.0
117,6276477,K00849.01,Kepler-701 b,CONFIRMED,10.35533116,3.1775,750.6,2.47,5501.0,0.918,777.0
118,6863998,K00867.01,Kepler-709 b,CONFIRMED,16.08518937,3.984,1442.4,3.68,5239.0,0.826,613.0
119,6948054,K00869.01,Kepler-245 b,CONFIRMED,7.49018305,2.7297,1123.6,2.56,5103.0,0.787,753.0
120,6948054,K00869.02,Kepler-245 d,CONFIRMED,36.2761238,4.7865,1572.6,3.03,5103.0,0.787,445.0
121,6948054,K00869.03,Kepler-245 c,CONFIRMED,17.46087931,2.2641,812.4,2.32,5103.0,0.787,568.0
122,6435936,K00854.01,Kepler-705 b,CONFIRMED,56.0560754,4.685,1626.0,1.94,3593.0,0.491,233.0
123,6522242,K00855.01,Kepler-706 b,CONFIRMED,41.408316686,5.0264,22838.9,11.38,5522.0,0.747,453.0
124,6587280,K00857.01,Kepler-243 b,CONFIRMED,5.715425977,2.5242,908.1,2.47,5237.0,0.826,850.0
125,9471974,K00119.01,Kepler-108 b,CONFIRMED,49.18394185,11.3364,1646.2,8.2,5626.0,2.057,669.0
126,6587280,K00857.02,Kepler-243 c,CONFIRMED,20.0261412,1.611,421.2,2.28,5237.0,0.826,559.0
127,6685526,K00861.01,Kepler-707 b,CONFIRMED,2.237489571,1.8119,315.8,1.41,5265.0,0.81,1160.0
128,6784235,K00863.01,Kepler-708 b,CONFIRMED,3.167893418,2.1814,781.2,2.62,5895.0,0.94,1221.0
129,6849310,K00864.01,Kepler-244 b,CONFIRMED,4.311780262,2.7251,1154.0,3.11,5527.0,0.927,1038.0
130,6849310,K00864.02,Kepler-244 d,CONFIRMED,20.0504494,4.556,840.9,2.69,5527.0,0.927,622.0
131,6849310,K00864.03,Kepler-244 c,CONFIRMED,9.76734503,1.6585,569.1,2.67,5527.0,0.927,791.0
132,9471974,K00119.02,Kepler-108 c,CONFIRMED,190.3200468,15.284,1141.7,7.78,5626.0,2.057,426.0
133,7366258,K00880.01,Kepler-82 b,CONFIRMED,26.44439337,3.9783,1843.5,3.91,5427.0,0.929,562.0
134,7366258,K00880.02,Kepler-82 c,CONFIRMED,51.53997972,6.3994,3644.3,5.51,5427.0,0.929,450.0
135,7366258,K00880.03,Kepler-82 e,CONFIRMED,5.902245782,2.9003,702.3,2.43,5427.0,0.929,926.0
136,7366258,K00880.04,Kepler-82 d,CONFIRMED,2.382951591,1.8876,391.6,1.86,5427.0,0.929,1253.0
137,7373451,K00881.01,Kepler-712 b,CONFIRMED,21.02250608,4.1072,1772.5,3.07,5067.0,0.75,521.0
138,6948054,K00869.04,Kepler-245 e,CONFIRMED,3.219814777,2.0642,488.2,1.69,5103.0,0.787,998.0
139,6949607,K00870.01,Kepler-28 b,CONFIRMED,5.912273234,2.3254,961.4,1.73,4072.0,0.57,585.0
140,6949607,K00870.02,Kepler-28 c,CONFIRMED,8.98581901,2.8606,881.3,1.65,4072.0,0.57,509.0
141,7109675,K00872.01,Kepler-46 b,CONFIRMED,33.60123371,4.4056,7425.9,8.46,5149.0,0.93,495.0
142,7109675,K00872.02,Kepler-46 d,CONFIRMED,6.76652928,2.9004,450.7,1.97,5149.0,0.93,845.0
143,7118364,K00873.01,Kepler-710 b,CONFIRMED,4.347288783,2.1024,451.6,2.36,5754.0,1.122,1174.0
144,7134976,K00874.01,Kepler-246 b,CONFIRMED,4.601811819,2.2607,755.9,2.35,4986.0,0.833,896.0
145,7134976,K00874.02,Kepler-246 c,CONFIRMED,11.18719905,3.252,353.6,1.55,4986.0,0.833,667.0
146,7135852,K00875.01,Kepler-1729 b,CONFIRMED,4.220965778,3.0854,2260.0,2.62,3837.0,0.517,595.0
147,7287995,K00877.01,Kepler-81 b,CONFIRMED,5.95489993,2.3892,1410.7,2.33,4261.0,0.633,635.0
148,7287995,K00877.02,Kepler-81 c,CONFIRMED,12.03987488,2.7363,1250.6,2.18,4261.0,0.633,502.0
149,7287995,K00877.03,Kepler-81 d,CONFIRMED,20.83762895,2.3734,439.0,1.42,4261.0,0.633,418.0
150,7303253,K00878.01,Kepler-711 b,CONFIRMED,23.58917143,5.073,1200.7,3.16,4919.0,0.721,487.0
151,5094751,K00123.01,Kepler-109 b,CONFIRMED,6.481633073,3.784,298.5,2.54,5945.0,1.302,1145.0
152,7678434,K00892.01,Kepler-716 b,CONFIRMED,10.37168928,3.035,1254.9,3.2,5121.0,0.888,720.0
153,7678434,K00892.02,Kepler-716 c,CONFIRMED,3.96996298,1.1757,299.2,1.78,5121.0,0.888,992.0
154,7685981,K00893.01,Kepler-717 b,CONFIRMED,4.40841331,5.012,549.4,2.66,6007.0,0.961,1139.0
155,7373451,K00881.02,Kepler-712 c,CONFIRMED,226.8904775,7.558,3136.4,4.53,5067.0,0.75,236.0
156,7434875,K00884.01,Kepler-247 c,CONFIRMED,9.439459486,2.8979,3036.1,4.16,5097.0,0.779,686.0
157,8349582,K00122.01,Kepler-95 b,CONFIRMED,11.523067458,3.8757,507.3,3.13,5644.0,1.411,927.0
158,7434875,K00884.02,Kepler-247 d,CONFIRMED,20.47748843,2.8364,1382.4,2.92,5097.0,0.779,530.0
159,7434875,K00884.03,Kepler-247 b,CONFIRMED,3.336123113,1.9616,516.3,1.74,5097.0,0.779,970.0
160,7455287,K00886.01,Kepler-54 b,CONFIRMED,8.01078456,2.312,1333.6,1.72,3713.0,0.47,453.0
161,7455287,K00886.02,Kepler-54 c,CONFIRMED,12.07134205,4.3224,759.2,1.29,3713.0,0.47,395.0
162,7455287,K00886.03,Kepler-54 d,CONFIRMED,20.99587872,2.6333,767.3,1.3,3713.0,0.47,328.0
163,7458762,K00887.01,Kepler-713 b,CONFIRMED,7.41113177,2.5242,620.5,2.45,5849.0,0.919,905.0
164,757450,K00889.01,Kepler-75 b,CONFIRMED,8.884922995,2.07004,16053.4,10.51,5332.0,0.843,770.0
165,7585481,K00890.01,Kepler-714 b,CONFIRMED,8.09888906,4.20241,6911.1,8.95,6214.0,1.076,986.0
166,7663691,K00891.01,Kepler-715 b,CONFIRMED,10.00653012,5.344,936.1,3.52,6063.0,1.001,876.0
167,5812701,K00012.01,Kepler-448 b,CONFIRMED,17.855221681,7.41287,9065.2,13.16,6823.0,1.367,911.0
168,8039892,K00903.01,Kepler-719 b,CONFIRMED,5.007316661,4.2362,6932.3,6.96,5865.0,0.827,998.0
169,8150320,K00904.01,Kepler-55 d,CONFIRMED,2.211116989,1.6485,724.2,1.85,4500.0,0.646,931.0
170,8150320,K00904.02,Kepler-55 b,CONFIRMED,27.9541337,3.95,942.5,1.9,4500.0,0.646,400.0
171,11086270,K00124.01,Kepler-110 b,CONFIRMED,12.69104387,3.7727,252.1,2.57,5869.0,1.626,1008.0
172,7825899,K00896.01,Kepler-248 c,CONFIRMED,16.23947096,4.0374,2590.7,4.14,5191.0,0.837,598.0
173,7825899,K00896.02,Kepler-248 b,CONFIRMED,6.308201629,2.9785,1328.5,2.96,5191.0,0.837,819.0
174,7849854,K00897.01,Kepler-718 b,CONFIRMED,2.052349884,2.0778,14280.6,13.12,5855.0,1.08,1497.0
175,7870390,K00898.01,Kepler-83 b,CONFIRMED,9.7704486,2.4517,1897.8,2.23,3906.0,0.509,460.0
176,7870390,K00898.02,Kepler-83 d,CONFIRMED,5.169804269,2.153,1037.4,1.66,3906.0,0.509,569.0
177,5094751,K00123.02,Kepler-109 c,CONFIRMED,21.22261195,6.5093,366.0,2.48,5945.0,1.302,771.0
178,7870390,K00898.03,Kepler-83 c,CONFIRMED,20.09017037,4.154,1432.1,2.25,3906.0,0.509,362.0
179,7907423,K00899.01,Kepler-249 c,CONFIRMED,7.11373257,2.1764,807.6,1.16,3561.0,0.411,429.0
180,7907423,K00899.02,Kepler-249 b,CONFIRMED,3.306551643,1.8177,509.2,0.91,3561.0,0.411,554.0
181,7907423,K00899.03,Kepler-249 d,CONFIRMED,15.36845737,2.4714,756.1,1.11,3561.0,0.411,332.0
182,7938496,K00900.01,Kepler-1730 b,CONFIRMED,13.81020318,3.048,1309.7,4.56,5942.0,1.142,833.0
183,8490993,K00911.01,Kepler-722 b,CONFIRMED,4.093578461,2.5833,538.6,2.85,6077.0,0.999,1182.0
184,8490993,K00911.02,Kepler-722 c,CONFIRMED,105.145959,8.593,685.4,3.43,6077.0,0.999,401.0
185,8505670,K00912.01,Kepler-252 c,CONFIRMED,10.8484518,2.9993,1675.6,2.34,4201.0,0.591,499.0
186,8505670,K00912.02,Kepler-252 b,CONFIRMED,6.66833241,1.915,362.3,1.18,4201.0,0.591,587.0
187,8544996,K00913.01,Kepler-723 b,CONFIRMED,4.082274889,3.23015,17859.2,10.55,5655.0,0.794,1016.0
188,8150320,K00904.03,Kepler-55 c,CONFIRMED,42.1406089,5.083,895.5,1.85,4500.0,0.646,349.0
189,8150320,K00904.04,Kepler-55 e,CONFIRMED,4.617490562,2.2618,575.8,1.62,4500.0,0.646,728.0
190,8150320,K00904.05,Kepler-55 f,CONFIRMED,10.19849255,2.4283,634.1,1.75,4500.0,0.646,559.0
191,8226994,K00906.01,Kepler-250 c,CONFIRMED,7.15681552,2.5882,867.0,2.47,5029.0,0.838,782.0
192,8226994,K00906.02,Kepler-250 d,CONFIRMED,17.64830851,2.0873,763.3,2.43,5029.0,0.838,579.0
193,8226994,K00906.03,Kepler-250 b,CONFIRMED,4.14810719,2.535,175.2,1.08,5029.0,0.838,938.0
194,8247638,K00907.01,Kepler-251 c,CONFIRMED,16.51410989,4.1575,973.5,2.72,5527.0,0.866,655.0
195,8247638,K00907.02,Kepler-251 d,CONFIRMED,30.1329298,5.172,1015.8,3.14,5527.0,0.866,536.0
196,8247638,K00907.03,Kepler-251 b,CONFIRMED,4.79090809,2.603,251.3,1.36,5527.0,0.866,990.0
197,11086270,K00124.02,Kepler-110 c,CONFIRMED,31.71981013,4.819,363.4,3.09,5869.0,1.626,743.0
198,8247638,K00907.04,Kepler-251 e,CONFIRMED,99.6415962,4.448,952.5,2.64,5527.0,0.866,360.0
199,8255887,K00908.01,Kepler-720 b,CONFIRMED,4.708326451,3.16114,7912.7,10.6,5560.0,1.21,1162.0
200,8414716,K00910.01,Kepler-721 b,CONFIRMED,5.392026903,2.9804,1151.4,2.68,5198.0,0.801,850.0
201,9141746,K00929.01,Kepler-730 b,CONFIRMED,6.491682808,4.301,7163.3,9.66,6123.0,1.107,1062.0
202,9166862,K00931.01,Kepler-731 b,CONFIRMED,3.855603916,3.2179,16652.7,13.61,6033.0,1.046,1212.0
203,11449844,K00125.01,Kepler-468 b,CONFIRMED,38.47876629,5.04169,23530.0,13.26,5510.0,0.879,484.0
204,8628973,K00916.01,Kepler-724 b,CONFIRMED,3.314947362,1.8007,1398.2,3.94,5609.0,0.944,1155.0
205,8672910,K00918.01,Kepler-725 b,CONFIRMED,39.6431552,6.5292,15663.8,10.98,5231.0,0.9,472.0
206,8689031,K00920.01,Kepler-726 b,CONFIRMED,21.80451611,3.4097,1144.9,2.6,5481.0,0.708,543.0
207,8689373,K00921.01,Kepler-253 c,CONFIRMED,10.28194593,3.4366,1110.7,2.53,5196.0,0.775,680.0
208,8689373,K00921.02,Kepler-253 d,CONFIRMED,18.11993039,4.2309,1506.9,2.95,5196.0,0.775,563.0
209,8689373,K00921.03,Kepler-253 b,CONFIRMED,3.78402867,1.9012,426.1,1.7,5196.0,0.775,949.0
210,8826878,K00922.01,Kepler-727 b,CONFIRMED,5.15448142,3.228,697.5,2.94,5431.0,0.884,964.0
211,8883593,K00923.01,Kepler-728 b,CONFIRMED,5.743469797,3.4412,1240.2,3.13,5897.0,0.891,982.0
212,9077124,K00926.01,Kepler-729 b,CONFIRMED,3.166353562,3.3129,1473.4,3.82,6007.0,0.998,1273.0
213,9466668,K00939.01,Kepler-256 c,CONFIRMED,3.388012244,2.6849,280.1,2.11,5553.0,1.25,1315.0
214,9466668,K00939.02,Kepler-256 d,CONFIRMED,5.83909761,3.1915,273.6,2.06,5553.0,1.25,1097.0
215,9466668,K00939.03,Kepler-256 b,CONFIRMED,1.620467654,2.1888,159.6,1.57,5553.0,1.25,1681.0
216,9466668,K00939.04,Kepler-256 e,CONFIRMED,10.6816951,3.605,307.8,2.3,5553.0,1.25,897.0
217,9479273,K00940.01,Kepler-734 b,CONFIRMED,6.104849417,4.6912,2090.3,3.18,5085.0,0.712,784.0
218,8359498,K00127.01,Kepler-77 b,CONFIRMED,3.578780566,2.91089,11382.2,10.43,5524.0,0.994,1145.0
219,9334289,K00934.01,Kepler-254 b,CONFIRMED,5.826657508,2.9183,1539.1,4.09,5561.0,1.06,1013.0
220,9334289,K00934.02,Kepler-254 c,CONFIRMED,12.41216347,3.739,611.3,2.58,5561.0,1.06,787.0
221,9334289,K00934.03,Kepler-254 d,CONFIRMED,18.74649011,3.895,796.8,3.05,5561.0,1.06,686.0
222,9347899,K00935.01,Kepler-31 b,CONFIRMED,20.86021229,5.1937,1910.5,5.5,6035.0,1.257,781.0
223,9347899,K00935.02,Kepler-31 c,CONFIRMED,42.63427848,6.1998,1719.3,5.22,6035.0,1.257,615.0
224,9347899,K00935.03,Kepler-31 d,CONFIRMED,87.6476068,8.871,1009.6,4.0,6035.0,1.257,484.0
225,9388479,K00936.01,Kepler-732 b,CONFIRMED,9.467821474,2.4327,2237.0,2.13,3582.0,0.458,407.0
226,9388479,K00936.02,Kepler-732 c,CONFIRMED,0.893040969,1.0981,741.7,1.24,3582.0,0.458,893.0
227,11359879,K00128.01,Kepler-15 b,CONFIRMED,4.942783419,3.25346,11144.7,10.62,5514.0,0.978,1008.0
228,9406990,K00937.01,Kepler-733 b,CONFIRMED,20.83426731,4.0454,988.4,2.74,5537.0,0.88,595.0
229,9415172,K00938.01,Kepler-255 c,CONFIRMED,9.94602357,3.3862,994.5,3.12,5344.0,1.013,807.0
230,9415172,K00938.02,Kepler-255 d,CONFIRMED,1.04562195,1.8955,213.0,1.45,5344.0,1.013,1710.0
231,9415172,K00938.03,Kepler-255 b,CONFIRMED,5.71462396,2.336,297.8,1.78,5344.0,1.013,971.0
232,3231341,K01102.02,Kepler-24 b,CONFIRMED,8.14515981,5.073,446.8,3.43,5896.0,1.24,1050.0
233,3231341,K01102.03,Kepler-24 e,CONFIRMED,18.9985279,4.529,430.7,43.17,5896.0,1.24,792.0
234,3231341,K01102.04,Kepler-24 d,CONFIRMED,4.24439049,3.282,174.0,2.07,5896.0,1.24,1305.0
235,7626506,K00150.02,Kepler-112 c,CONFIRMED,28.5742692,4.9427,824.9,2.32,5551.0,0.812,538.0
236,10482160,K01170.01,Kepler-1739 b,CONFIRMED,7.34373964,1.1784,574.4,1.84,5757.0,0.762,839.0
237,8559644,K00139.01,Kepler-111 c,CONFIRMED,224.7789355,11.1899,3487.5,7.67,5873.0,1.235,333.0
238,3240158,K01106.01,Kepler-769 b,CONFIRMED,7.42608123,3.6379,443.3,2.47,6049.0,1.176,1037.0
239,3240158,K01106.02,Kepler-769 c,CONFIRMED,15.9868932,4.158,178.5,1.62,6049.0,1.176,803.0
240,3218908,K01108.01,Kepler-770 b,CONFIRMED,18.92537246,3.9835,640.9,13.92,4941.0,4.885,1171.0
241,10350571,K01175.01,Kepler-784 b,CONFIRMED,31.5925809,13.566,145.1,1.78,5676.0,1.487,688.0
242,10350571,K01175.02,Kepler-784 c,CONFIRMED,17.157236,11.284,110.4,1.55,5676.0,1.487,844.0
243,3749365,K01176.01,Kepler-785 b,CONFIRMED,1.97376085,1.82542,30222.4,8.78,3807.0,0.503,753.0
244,11013201,K00972.01,,CONFIRMED,13.118962443,4.3045,372.2,8.25,7221.0,4.24,1768.0
245,3632418,K00975.01,Kepler-21 b,CONFIRMED,2.785821236,3.5599,68.9,1.69,6202.0,1.733,1784.0
246,5809890,K01050.01,Kepler-755 b,CONFIRMED,1.269091415,1.4647,340.9,1.41,5041.0,0.766,1331.0
247,5809890,K01050.02,Kepler-755 c,CONFIRMED,2.853133997,1.465,277.1,1.36,5041.0,0.766,1016.0
248,6131236,K01051.01,Kepler-1734 b,CONFIRMED,6.79685353,3.1702,393.1,2.01,6061.0,0.97,985.0
249,3218908,K01108.02,Kepler-770 c,CONFIRMED,1.475323222,2.3155,154.9,5.88,4941.0,4.885,2740.0
250,3218908,K01108.03,Kepler-770 d,CONFIRMED,4.15246118,2.5755,223.4,7.62,4941.0,4.885,1941.0
251,2837111,K01110.01,Kepler-771 b,CONFIRMED,8.7348852,4.49,270.7,1.59,5982.0,0.96,890.0
252,9032900,K00134.01,,CONFIRMED,67.5923754,12.249,4158.1,12.1,6038.0,1.744,588.0
253,5956342,K01052.01,Kepler-265 c,CONFIRMED,17.02902786,4.645,568.9,2.54,5839.0,1.067,755.0
254,5956342,K01052.02,Kepler-265 b,CONFIRMED,6.84619236,3.529,246.8,1.67,5839.0,1.067,1022.0
255,5956342,K01052.03,Kepler-265 e,CONFIRMED,67.8321638,7.358,507.8,2.39,5839.0,1.067,476.0
256,5956342,K01052.04,Kepler-265 d,CONFIRMED,43.1312147,3.198,447.8,2.39,5839.0,1.067,554.0
257,5956656,K01053.01,Kepler-756 b,CONFIRMED,1.224866441,1.7086,196.0,1.54,5553.0,1.107,1741.0
258,3109930,K01112.01,Kepler-1736 b,CONFIRMED,37.8102649,8.733,570.3,2.33,6085.0,0.973,566.0
259,2854914,K01113.01,Kepler-268 b,CONFIRMED,25.93406406,4.6142,414.5,2.48,5952.0,1.225,695.0
260,2854914,K01113.02,Kepler-268 c,CONFIRMED,83.4463485,6.536,503.0,2.73,5952.0,1.225,471.0
261,3116412,K01115.01,Kepler-772 b,CONFIRMED,12.99204853,6.0175,270.6,2.03,5765.0,1.242,866.0
262,8394721,K00152.01,Kepler-79 d,CONFIRMED,52.09081627,8.6388,2894.1,7.14,6198.0,1.324,592.0
263,1161345,K00984.01,Kepler-1973 b,CONFIRMED,4.28746668,1.5693,790.1,2.29,5296.0,0.815,942.0
264,2854698,K00986.01,Kepler-260 b,CONFIRMED,8.18739443,3.0472,517.6,1.92,5251.0,0.849,782.0
265,2854698,K00986.02,Kepler-260 c,CONFIRMED,76.0498163,7.158,445.9,1.75,5251.0,0.849,372.0
266,8559644,K00139.02,Kepler-111 b,CONFIRMED,3.341799486,2.9254,178.2,1.67,5873.0,1.235,1356.0
267,2849805,K01116.01,Kepler-773 b,CONFIRMED,3.749105745,1.9826,182.6,1.68,5751.0,0.983,1160.0
268,3114811,K01117.01,Kepler-774 b,CONFIRMED,11.08956602,6.2877,148.1,3.51,6353.0,2.867,1422.0
269,3554031,K01194.01,Kepler-415 c,CONFIRMED,8.70798309,2.4904,1419.6,2.01,4362.0,0.554,543.0
270,3554031,K01194.03,Kepler-415 b,CONFIRMED,4.17634276,2.335,531.5,1.23,4362.0,0.554,694.0
271,8394721,K00152.02,Kepler-79 c,CONFIRMED,27.40229859,6.8491,747.5,3.63,6198.0,1.324,734.0
272,7295235,K00987.01,Kepler-743 b,CONFIRMED,3.179267286,1.0246,200.9,1.21,5511.0,0.857,1101.0
273,2302548,K00988.01,Kepler-261 b,CONFIRMED,10.38122447,2.715,801.5,2.18,5095.0,0.78,672.0
274,2302548,K00988.02,Kepler-261 c,CONFIRMED,24.5709023,3.587,764.2,2.82,5095.0,0.78,505.0
275,9818381,K00135.01,Kepler-43 b,CONFIRMED,3.024092505,2.8021,7765.0,12.14,6063.0,1.358,1489.0
276,6060203,K01059.01,Kepler-757 b,CONFIRMED,1.022678654,1.3712,129.2,1.14,5366.0,1.02,1734.0
277,5880320,K01060.01,Kepler-758 b,CONFIRMED,12.10968709,6.3461,284.7,2.98,6021.0,1.458,1005.0
278,5880320,K01060.02,Kepler-758 c,CONFIRMED,4.75796103,4.66,124.5,1.7,6021.0,1.458,1372.0
279,5880320,K01060.03,Kepler-758 d,CONFIRMED,20.4972755,8.536,242.9,2.96,6021.0,1.458,843.0
280,3859079,K01199.01,Kepler-786 b,CONFIRMED,53.5292702,5.668,1086.1,2.28,4736.0,0.708,348.0
281,4061149,K01201.01,Kepler-1741 b,CONFIRMED,2.757584622,0.9267,563.1,1.01,3683.0,0.424,615.0
282,3444588,K01202.01,Kepler-787 b,CONFIRMED,0.928310036,1.1899,376.2,1.16,4109.0,0.602,1115.0
283,8394721,K00152.03,Kepler-79 b,CONFIRMED,13.48457668,5.0197,653.5,3.39,6198.0,1.324,929.0
284,3962243,K01203.01,Kepler-276 c,CONFIRMED,31.8841473,6.122,910.0,3.7,5779.0,0.974,563.0
285,10154388,K00991.01,Kepler-744 b,CONFIRMED,12.06222962,2.0584,300.2,1.62,5547.0,0.933,750.0
286,1432789,K00992.01,Kepler-745 b,CONFIRMED,9.93146307,5.678,398.6,2.41,5782.0,1.22,931.0
287,1718189,K00993.01,Kepler-262 c,CONFIRMED,21.85362905,3.439,355.6,1.75,5830.0,0.876,618.0
288,5880320,K01060.04,Kepler-758 e,CONFIRMED,8.19345065,5.234,115.4,1.74,6021.0,1.458,1144.0
289,6037187,K01061.01,Kepler-759 b,CONFIRMED,41.8059544,6.057,434.4,2.02,5907.0,0.973,533.0
290,5735762,K00148.01,Kepler-48 b,CONFIRMED,4.77800306,2.7361,473.0,1.85,5192.0,0.873,932.0
291,6359320,K01127.01,Kepler-269 b,CONFIRMED,5.32667299,3.4045,611.4,2.26,5831.0,0.921,1007.0
292,3859628,K01191.01,Kepler-1740 b,CONFIRMED,8.17242644,3.902,864.3,3.29,5705.0,0.905,858.0
293,1718189,K00993.02,Kepler-262 b,CONFIRMED,13.0607936,3.215,236.6,1.45,5830.0,0.876,734.0
294,8222813,K01069.01,Kepler-760 b,CONFIRMED,8.70420525,2.9385,1074.9,2.86,5074.0,0.863,748.0
295,6359320,K01127.02,Kepler-269 c,CONFIRMED,8.1280933,3.727,224.1,1.39,5831.0,0.921,875.0
296,6362874,K01128.01,Kepler-775 b,CONFIRMED,0.974868896,1.6191,197.6,1.16,5487.0,0.832,1612.0
297,6272413,K01129.01,Kepler-776 b,CONFIRMED,4.89721006,1.812,274.4,1.48,5093.0,0.847,904.0
298,3447722,K01198.01,Kepler-275 c,CONFIRMED,16.08832318,5.731,597.8,3.42,6157.0,1.33,875.0
299,3447722,K01198.02,Kepler-275 b,CONFIRMED,10.30067919,4.885,271.8,2.2,6157.0,1.33,1015.0
300,3447722,K01198.03,Kepler-275 d,CONFIRMED,35.6757453,7.381,471.2,3.02,6157.0,1.33,671.0
301,2165002,K00999.01,Kepler-263 b,CONFIRMED,16.56806842,4.2647,1331.4,2.54,4987.0,0.716,548.0
302,2165002,K00999.02,Kepler-263 c,CONFIRMED,47.3329299,2.708,931.5,2.18,4987.0,0.716,386.0
303,1871056,K01001.01,Kepler-264 b,CONFIRMED,40.8065333,13.135,313.9,3.71,6207.0,2.097,772.0
304,8222813,K01069.02,Kepler-760 c,CONFIRMED,2.46697039,1.6345,308.7,1.56,5074.0,0.863,1139.0
305,8240904,K01070.01,Kepler-266 b,CONFIRMED,6.61836309,3.6813,549.1,2.98,5529.0,1.294,1066.0
306,8240904,K01070.02,Kepler-266 c,CONFIRMED,107.7214092,8.042,1396.2,4.75,5529.0,1.294,421.0
307,5735762,K00148.02,Kepler-48 c,CONFIRMED,9.673958488,3.2641,952.7,2.63,5192.0,0.873,736.0
308,3962243,K01203.02,Kepler-276 b,CONFIRMED,14.12847677,3.685,628.7,2.73,5779.0,0.974,739.0
309,3962243,K01203.03,Kepler-276 d,CONFIRMED,48.6478543,5.464,641.8,4.14,5779.0,0.974,489.0
310,3438507,K01204.01,Kepler-788 b,CONFIRMED,8.39842977,6.344,340.1,2.0,6309.0,1.044,984.0
311,3869014,K01205.01,Kepler-789 b,CONFIRMED,8.63847391,5.4566,395.9,5.99,5684.0,3.046,1419.0
312,1871056,K01001.02,Kepler-264 c,CONFIRMED,140.10765,18.503,266.8,3.42,6207.0,2.097,511.0
313,1865042,K01002.01,Kepler-746 b,CONFIRMED,3.4815917,1.8069,135.2,1.17,5405.0,1.022,1156.0
314,5780460,K01005.01,Kepler-747 b,CONFIRMED,35.61760233,8.4559,4634.9,5.17,5123.0,0.779,456.0
315,8229696,K01072.01,Kepler-761 b,CONFIRMED,10.12805158,3.517,477.4,1.95,5676.0,0.82,767.0
316,10272640,K01074.01,Kepler-762 b,CONFIRMED,3.770551475,3.8077,12440.0,12.05,6322.0,1.075,1302.0
317,8346392,K01141.01,Kepler-777 b,CONFIRMED,5.72812616,2.0295,643.4,1.38,3968.0,0.548,569.0
318,8288947,K01142.01,Kepler-778 b,CONFIRMED,3.75574267,2.2911,417.4,1.58,5311.0,0.788,977.0
319,9480189,K00941.01,Kepler-257 c,CONFIRMED,6.581477136,3.0896,2318.9,4.56,5188.0,0.973,881.0
320,11974540,K00129.01,Kepler-470 b,CONFIRMED,24.669192732,7.03515,7382.3,77.76,5313.0,9.327,1485.0
321,9480189,K00941.02,Kepler-257 b,CONFIRMED,2.382652873,1.8888,705.4,2.74,5188.0,0.973,1237.0
322,9480189,K00941.03,Kepler-257 d,CONFIRMED,24.66461416,2.8579,2398.8,5.34,5188.0,0.973,567.0
323,9512687,K00942.01,Kepler-735 b,CONFIRMED,11.51517167,2.006,1357.4,2.9,5177.0,0.798,657.0
324,8644288,K00137.01,Kepler-18 c,CONFIRMED,7.641567589,3.41018,2269.7,4.91,5356.0,1.055,899.0
325,1725016,K01007.01,Kepler-748 b,CONFIRMED,7.40742502,3.675,442.0,2.01,5922.0,0.961,938.0
326,5446285,K00142.01,Kepler-88 b,CONFIRMED,10.916108342,3.6496,1479.0,3.93,5575.0,0.932,758.0
327,10166274,K01078.01,Kepler-267 b,CONFIRMED,3.353732008,1.4598,1264.7,1.65,3789.0,0.46,615.0
328,10166274,K01078.02,Kepler-267 c,CONFIRMED,6.877446033,1.3692,1632.3,2.05,3789.0,0.46,484.0
329,10166274,K01078.03,Kepler-267 d,CONFIRMED,28.46464804,2.6657,1629.8,1.87,3789.0,0.46,301.0
330,5735762,K00148.03,Kepler-48 d,CONFIRMED,42.89645024,5.6897,555.3,2.0,5192.0,0.873,448.0
331,8351704,K01146.01,Kepler-779 b,CONFIRMED,7.09712124,2.1059,369.5,0.74,3569.0,0.389,425.0
332,9513865,K00943.01,Kepler-736 b,CONFIRMED,3.601465336,2.2753,777.7,2.31,5052.0,0.855,996.0
333,9605514,K00945.01,Kepler-1666 b,CONFIRMED,25.8474958,5.985,537.4,2.4,6297.0,1.031,672.0
334,9605514,K00945.02,Kepler-1666 c,CONFIRMED,40.715561,6.894,680.9,2.7,6297.0,1.031,578.0
335,8125580,K01014.01,Kepler-749 b,CONFIRMED,17.31711739,3.1518,1473.0,2.04,4719.0,0.502,454.0
336,8158127,K01015.01,Kepler-750 b,CONFIRMED,9.42889884,4.4481,565.4,4.39,5897.0,1.86,1163.0
337,10141900,K01082.01,Kepler-763 d,CONFIRMED,6.50327035,2.591,418.3,1.67,4999.0,0.843,804.0
338,10141900,K01082.02,Kepler-763 c,CONFIRMED,4.09667624,2.19,302.3,1.42,4999.0,0.843,938.0
339,10141900,K01082.03,Kepler-763 b,CONFIRMED,1.196548464,1.2592,224.6,1.25,4999.0,0.843,1414.0
340,8410727,K01148.01,Kepler-270 b,CONFIRMED,11.47609015,5.046,182.3,2.07,6071.0,1.41,984.0
341,8410727,K01148.02,Kepler-270 c,CONFIRMED,25.2630467,6.22,125.5,1.71,6071.0,1.41,756.0
342,8278371,K01150.01,Kepler-780 b,CONFIRMED,0.677374687,1.8361,76.7,0.9,5718.0,1.037,2099.0
343,8280511,K01151.01,Kepler-271 b,CONFIRMED,10.43547031,3.4167,210.2,1.22,5528.0,0.853,759.0
344,8280511,K01151.02,Kepler-271 c,CONFIRMED,7.41084314,3.245,124.1,0.94,5528.0,0.853,850.0
345,9710326,K00947.01,Kepler-737 b,CONFIRMED,28.59914031,3.6567,1585.1,1.83,3755.0,0.461,298.0
346,9761882,K00948.01,Kepler-738 b,CONFIRMED,24.58716355,3.984,907.5,2.37,5474.0,0.749,530.0
347,9766437,K00949.01,Kepler-739 b,CONFIRMED,12.53248222,4.0168,1145.9,3.24,5997.0,0.904,775.0
348,9775938,K00951.01,Kepler-258 b,CONFIRMED,13.19720694,3.4872,2141.4,4.18,4954.0,0.885,642.0
349,8644288,K00137.02,Kepler-18 d,CONFIRMED,14.85890852,3.5252,3269.0,5.94,5356.0,1.055,720.0
350,8158127,K01015.02,Kepler-750 c,CONFIRMED,4.08897299,3.585,157.9,2.36,5897.0,1.86,1537.0
351,8174625,K01017.01,Kepler-751 b,CONFIRMED,17.44486016,4.445,826.9,3.24,5568.0,0.966,679.0
352,10157458,K01083.01,Kepler-764 b,CONFIRMED,7.33685101,3.548,325.8,1.52,5795.0,0.848,875.0
353,10118816,K01085.01,Kepler-1735 b,CONFIRMED,7.71790675,1.84,306.8,0.9,3975.0,0.509,502.0
354,10122255,K01086.01,Kepler-765 b,CONFIRMED,27.6652847,6.633,469.2,2.21,6036.0,1.017,641.0
355,3835670,K00149.01,Kepler-473 b,CONFIRMED,14.55730897,7.7643,956.9,4.32,5774.0,1.412,879.0
356,9775938,K00951.02,Kepler-258 c,CONFIRMED,33.6528474,3.9616,1140.8,3.05,4954.0,0.885,470.0
357,9787239,K00952.01,Kepler-32 b,CONFIRMED,5.90127815,2.1979,1525.2,1.94,3731.0,0.498,514.0
358,9787239,K00952.02,Kepler-32 c,CONFIRMED,8.75209691,2.3742,1367.6,1.83,3731.0,0.498,451.0
359,9787239,K00952.03,Kepler-32 d,CONFIRMED,22.78078241,3.3002,1925.1,2.17,3731.0,0.498,328.0
360,9787239,K00952.04,Kepler-32 e,CONFIRMED,2.896005211,1.6776,614.1,1.23,3731.0,0.498,652.0
361,9787239,K00952.05,Kepler-32 f,CONFIRMED,0.742957911,0.6688,843.3,1.47,3731.0,0.498,1026.0
362,2716853,K01022.01,Kepler-752 b,CONFIRMED,18.82744023,4.664,1006.2,2.7,5687.0,0.86,632.0
363,2715135,K01024.01,Kepler-753 b,CONFIRMED,5.747711909,1.8923,820.1,1.86,4252.0,0.632,641.0
364,8644288,K00137.03,Kepler-18 b,CONFIRMED,3.504691252,1.9811,315.1,2.03,5356.0,1.055,1165.0
365,3247268,K01089.01,Kepler-418 b,CONFIRMED,86.67856052,10.1289,8244.1,9.83,5822.0,1.081,434.0
366,3247268,K01089.02,Kepler-418 c,CONFIRMED,12.21828097,2.6969,1843.4,5.1,5822.0,1.081,835.0
367,10354039,K01159.01,Kepler-1737 b,CONFIRMED,64.617518,5.796,2486.6,5.4,5043.0,0.881,383.0
368,10330115,K01160.01,Kepler-781 b,CONFIRMED,13.21409607,3.5641,1154.8,2.77,5333.0,0.728,629.0
369,10426656,K01161.01,Kepler-272 c,CONFIRMED,6.05729966,3.7419,385.2,1.94,5334.0,1.004,947.0
370,9820483,K00953.01,Kepler-740 b,CONFIRMED,3.584101048,2.7316,2608.1,4.66,5739.0,0.922,1131.0
371,9941662,K00013.01,Kepler-13 b,CONFIRMED,1.763587535,3.16877,4590.6,21.42,9107.0,3.031,3559.0
372,7778437,K00131.01,Kepler-471 b,CONFIRMED,5.014234733,4.589,6536.0,10.63,6490.0,1.307,1308.0
373,9823457,K00954.01,Kepler-259 b,CONFIRMED,8.11528727,3.211,834.9,3.1,5926.0,0.887,879.0
374,9823457,K00954.02,Kepler-259 c,CONFIRMED,36.9250409,4.9381,902.0,3.01,5926.0,0.887,530.0
375,2164169,K01029.01,Kepler-1732 b,CONFIRMED,32.3122867,6.569,677.8,4.84,5821.0,1.494,699.0
376,2574338,K01030.01,Kepler-1733 b,CONFIRMED,9.22961384,2.235,492.1,2.79,6320.0,1.252,1021.0
377,2584163,K01031.01,Kepler-754 b,CONFIRMED,14.5598556,5.624,290.6,1.64,5959.0,0.966,758.0
378,4180280,K00144.01,Kepler-472 b,CONFIRMED,4.176254191,3.6716,1360.1,3.07,4957.0,0.776,876.0
379,2721030,K01094.01,Kepler-766 b,CONFIRMED,6.10027621,4.7476,766.6,2.59,5957.0,0.937,990.0
380,7626506,K00150.01,Kepler-112 b,CONFIRMED,8.408878137,3.4967,798.9,2.28,5551.0,0.812,809.0
381,10426656,K01161.02,Kepler-272 d,CONFIRMED,10.93725572,3.0822,421.6,2.41,5334.0,1.004,777.0
382,10426656,K01161.03,Kepler-272 b,CONFIRMED,2.97136658,2.716,233.3,1.52,5334.0,1.004,1200.0
383,10528068,K01162.01,Kepler-782 b,CONFIRMED,158.6850022,11.5372,898.3,3.08,5751.0,1.034,350.0
384,10468940,K01163.01,Kepler-273 b,CONFIRMED,2.936527336,1.771,352.3,1.92,5359.0,1.002,1209.0
385,9825625,K00955.01,Kepler-741 b,CONFIRMED,7.03902016,3.8633,529.8,2.45,6321.0,1.058,1051.0
386,9875711,K00956.01,Kepler-742 b,CONFIRMED,8.360870704,2.7144,2039.7,3.67,4743.0,0.81,690.0
387,1026957,K00958.01,Kepler-1731 b,CONFIRMED,21.76129812,1.243,1300.7,2.53,4859.0,0.72,486.0
388,2853093,K01099.01,Kepler-767 b,CONFIRMED,161.5278347,3.6734,4653.6,8.19,5778.0,1.213,366.0
389,3245969,K01101.01,Kepler-768 b,CONFIRMED,11.39102358,2.303,448.6,1.67,4983.0,0.728,618.0
390,3231341,K01102.01,Kepler-24 c,CONFIRMED,12.33343853,6.221,536.4,4.12,5896.0,1.24,915.0
391,10468940,K01163.02,Kepler-273 c,CONFIRMED,8.01500821,3.0137,363.0,2.0,5359.0,1.002,865.0
392,10337517,K01165.01,Kepler-783 c,CONFIRMED,7.053934488,1.7244,511.5,2.36,5357.0,0.863,840.0
393,10337517,K01165.02,Kepler-783 b,CONFIRMED,4.29263699,2.7,61.4,0.68,5357.0,0.863,991.0
394,10351231,K01166.01,Kepler-1738 b,CONFIRMED,7.6746614,1.9374,503.0,2.8,6063.0,1.001,957.0
395,8561063,K00961.01,Kepler-42 b,CONFIRMED,1.213770423,0.5532,1821.0,0.78,3292.0,0.148,525.0
396,8561063,K00961.02,Kepler-42 c,CONFIRMED,0.453287416,0.4445,1461.5,0.76,3292.0,0.148,729.0
397,8561063,K00961.03,Kepler-42 d,CONFIRMED,1.865114193,0.4279,1124.8,0.66,3292.0,0.148,455.0
398,7102227,K01360.01,Kepler-290 c,CONFIRMED,36.7704935,4.42,1346.6,2.83,5142.0,0.755,437.0
399,7102227,K01360.02,Kepler-290 b,CONFIRMED,14.58932429,2.4184,831.3,2.32,5142.0,0.755,594.0
400,7102227,K01360.03,Kepler-290 d,CONFIRMED,0.764017553,1.103,128.2,0.86,5142.0,0.755,1589.0
401,6960913,K01361.01,Kepler-61 b,CONFIRMED,59.8780258,4.8027,1419.1,2.19,4016.0,0.599,273.0
402,11122894,K01426.02,Kepler-297 c,CONFIRMED,74.92768653,4.74,4119.2,6.39,5618.0,0.897,409.0
403,11122894,K01426.03,Kepler-297 d,CONFIRMED,150.0189511,4.3823,4319.7,32.6,5618.0,0.897,325.0
404,11129738,K01427.01,Kepler-844 b,CONFIRMED,2.613020421,1.9588,599.7,1.5,3883.0,0.517,713.0
405,11401182,K01428.01,Kepler-845 b,CONFIRMED,0.927859786,1.4279,515.3,1.79,4815.0,0.699,1361.0
406,11030711,K01429.01,Kepler-1750 b,CONFIRMED,205.912735,9.992,2378.8,4.68,5644.0,0.969,298.0
407,11512246,K00168.03,Kepler-23 b,CONFIRMED,7.10695741,5.1462,131.0,1.72,5761.0,1.518,1157.0
408,6690082,K01240.01,Kepler-280 b,CONFIRMED,2.1395563,2.0678,266.1,1.76,5534.0,1.08,1425.0
409,6690082,K01240.02,Kepler-280 c,CONFIRMED,4.807103254,0.9393,450.5,2.96,5534.0,1.08,1088.0
410,6448890,K01241.01,Kepler-56 c,CONFIRMED,21.4054422,11.721,409.3,11.64,4838.0,4.361,1087.0
411,6448890,K01241.02,Kepler-56 b,CONFIRMED,10.5007712,14.522,183.4,5.68,4838.0,4.361,1378.0
412,10730034,K01305.01,Kepler-285 b,CONFIRMED,2.633852528,2.0206,259.8,1.38,5114.0,0.878,1131.0
413,10730034,K01305.02,Kepler-285 c,CONFIRMED,6.18670882,2.909,202.6,1.21,5114.0,0.878,851.0
414,10858691,K01306.01,Kepler-286 b,CONFIRMED,1.796320953,1.9139,210.9,1.2,5576.0,0.829,1367.0
415,10858691,K01306.02,Kepler-286 c,CONFIRMED,3.468073,2.361,243.9,1.29,5576.0,0.829,1098.0
416,10858691,K01306.03,Kepler-286 d,CONFIRMED,5.9142668,2.661,253.2,1.31,5576.0,0.829,919.0
417,8107380,K00162.01,Kepler-476 b,CONFIRMED,14.00640392,4.6919,716.4,3.11,5788.0,1.124,807.0
418,6936909,K01363.01,Kepler-291 b,CONFIRMED,3.546531809,2.2746,442.7,2.18,5993.0,0.986,1212.0
419,6936909,K01363.02,Kepler-291 c,CONFIRMED,5.70070626,1.6408,379.8,2.03,5993.0,0.986,1035.0
420,6962977,K01364.01,Kepler-292 f,CONFIRMED,20.8341497,4.522,803.1,2.26,5296.0,0.808,563.0
421,6962977,K01364.02,Kepler-292 d,CONFIRMED,7.0556584,3.0479,705.6,2.13,5296.0,0.808,808.0
422,11176127,K01430.01,Kepler-298 b,CONFIRMED,10.47548084,2.3024,1070.7,2.11,4463.0,0.611,540.0
423,11176127,K01430.02,Kepler-298 c,CONFIRMED,22.92886314,2.0831,908.9,2.08,4463.0,0.611,416.0
424,11176127,K01430.03,Kepler-298 d,CONFIRMED,77.4740991,4.168,1543.6,2.63,4463.0,0.611,277.0
425,11014932,K01432.01,Kepler-299 c,CONFIRMED,6.88595222,4.148,428.5,2.68,5616.0,0.999,946.0
426,8030148,K00155.01,Kepler-474 b,CONFIRMED,5.660669429,4.6483,737.8,3.24,5746.0,1.173,1115.0
427,6693640,K01245.01,Kepler-798 b,CONFIRMED,13.71938426,5.5677,316.4,1.98,6387.0,1.105,864.0
428,10858691,K01306.04,Kepler-286 e,CONFIRMED,29.2214959,4.014,394.0,1.81,5576.0,0.829,539.0
429,10973814,K01307.01,Kepler-287 c,CONFIRMED,44.8520997,3.5729,780.8,3.35,5514.0,1.071,513.0
430,10973814,K01307.02,Kepler-287 b,CONFIRMED,20.34237838,2.3351,564.6,2.88,5514.0,1.071,667.0
431,6541920,K00157.05,Kepler-11 g,CONFIRMED,118.3786735,9.5574,1083.3,3.4,5657.0,1.046,376.0
432,10586208,K01308.01,Kepler-811 b,CONFIRMED,23.58444746,5.5545,429.2,3.0,5655.0,1.354,730.0
433,6962977,K01364.03,Kepler-292 e,CONFIRMED,11.97884409,3.751,707.9,2.11,5296.0,0.808,678.0
434,6962977,K01364.04,Kepler-292 c,CONFIRMED,3.71545593,2.558,331.7,1.46,5296.0,0.808,1001.0
435,6962977,K01364.05,Kepler-292 b,CONFIRMED,2.58083264,2.1729,270.2,1.31,5296.0,0.808,1130.0
436,6932987,K01366.01,Kepler-293 b,CONFIRMED,19.25404023,4.6509,987.7,3.04,5798.0,0.941,657.0
437,11014932,K01432.02,Kepler-299 d,CONFIRMED,15.0549356,4.801,256.4,1.6,5616.0,0.999,729.0
438,11014932,K01432.03,Kepler-299 b,CONFIRMED,2.92721119,2.545,170.2,1.29,5616.0,0.999,1258.0
439,11014932,K01432.04,Kepler-299 e,CONFIRMED,38.2856338,6.512,322.8,1.77,5616.0,0.999,534.0
440,11288505,K01433.01,Kepler-846 b,CONFIRMED,19.80787763,3.453,616.3,2.08,5775.0,0.84,624.0
441,11493431,K01434.01,Kepler-847 b,CONFIRMED,2.343230566,2.0424,246.5,1.18,4798.0,0.782,1054.0
442,10854768,K01309.01,Kepler-812 b,CONFIRMED,10.1171684,4.6677,288.7,3.07,6306.0,1.792,1163.0
443,10964440,K01310.01,Kepler-813 b,CONFIRMED,19.12947603,3.9622,451.2,4.23,5372.0,1.71,817.0
444,10713616,K01311.01,Kepler-1667 b,CONFIRMED,83.5781976,7.2487,630.8,6.63,6056.0,2.562,655.0
445,10963242,K01312.01,Kepler-814 b,CONFIRMED,6.1469956,3.3153,249.6,2.04,6110.0,1.296,1164.0
446,6932987,K01366.02,Kepler-293 c,CONFIRMED,54.1558384,4.432,1109.8,3.88,5798.0,0.941,466.0
447,8191672,K00018.01,Kepler-5 b,CONFIRMED,3.548465446,4.56904,7251.5,14.92,6290.0,1.746,1640.0
448,6851425,K00163.01,Kepler-477 b,CONFIRMED,11.1199028,3.3759,636.3,2.08,5078.0,0.766,649.0
449,6934291,K01367.01,Kepler-828 b,CONFIRMED,0.567856484,1.0258,334.8,1.55,5073.0,0.853,1848.0
450,11037335,K01435.01,Kepler-300 c,CONFIRMED,40.7150498,8.587,563.9,2.2,5968.0,0.881,516.0
451,11037335,K01435.02,Kepler-300 b,CONFIRMED,10.44635944,2.749,354.2,2.18,5968.0,0.881,812.0
452,11389771,K01436.01,Kepler-301 b,CONFIRMED,2.508553286,2.2664,211.6,1.28,5814.0,0.881,1278.0
453,11389771,K01436.02,Kepler-301 d,CONFIRMED,13.75129636,3.853,348.5,1.66,5814.0,0.881,725.0
454,10925104,K00156.01,Kepler-114 c,CONFIRMED,8.041347775,2.6332,591.0,1.29,3980.0,0.54,507.0
455,10585852,K01314.01,Kepler-815 b,CONFIRMED,8.57504983,8.653,160.6,4.26,4986.0,3.464,1374.0
456,10794087,K01316.01,Kepler-1743 b,CONFIRMED,7.64970832,6.625,55.4,1.43,5855.0,1.613,1144.0
457,6541920,K00157.06,Kepler-11 b,CONFIRMED,10.30401132,4.2246,316.1,1.84,5657.0,1.046,849.0
458,7287415,K01369.01,Kepler-1745 b,CONFIRMED,3.016182013,2.8349,222.5,2.25,5611.0,1.4,1449.0
459,6924203,K01370.01,Kepler-829 b,CONFIRMED,6.8833761,2.2702,458.4,1.69,5679.0,0.794,857.0
460,11389771,K01436.03,Kepler-301 c,CONFIRMED,5.41908491,2.3379,231.0,1.38,5814.0,0.881,989.0
461,11599038,K01437.01,Kepler-1751 b,CONFIRMED,7.01733571,3.567,255.5,1.61,6052.0,0.967,984.0
462,11193263,K01438.01,Kepler-848 b,CONFIRMED,6.91134223,5.6743,201.7,1.9,5685.0,1.35,1086.0
463,11027624,K01439.01,Kepler-849 b,CONFIRMED,394.6249514,24.108,2013.3,7.79,5910.0,1.727,325.0
464,11032227,K01440.01,Kepler-850 b,CONFIRMED,7.19304935,3.407,255.3,1.59,6185.0,0.991,995.0
465,8751933,K01257.01,Kepler-420 b,CONFIRMED,86.64764448,4.2326,7311.6,9.4,5522.0,1.12,419.0
466,8630788,K01258.01,Kepler-281 c,CONFIRMED,36.33750453,7.06,2828.4,5.3,5717.0,0.884,513.0
467,8630788,K01258.02,Kepler-281 b,CONFIRMED,14.64613058,5.688,593.5,2.22,5717.0,0.884,694.0
468,8630788,K01258.03,Kepler-281 d,CONFIRMED,148.272013,4.192,1707.4,4.3,5717.0,0.884,321.0
469,4164994,K01320.01,Kepler-816 b,CONFIRMED,10.50682978,3.7769,13355.5,9.01,5127.0,0.782,668.0
470,6766634,K01375.01,Kepler-1746 b,CONFIRMED,321.2124365,4.012,2358.6,7.25,6018.0,1.286,310.0
471,7211469,K01377.01,Kepler-830 b,CONFIRMED,11.29689442,4.623,198.5,1.74,6096.0,1.176,907.0
472,7831264,K00171.01,Kepler-116 b,CONFIRMED,5.968724048,3.651,510.6,3.26,6122.0,1.439,1251.0
473,7532973,K01450.01,Kepler-854 b,CONFIRMED,2.144632238,6.2701,19836.9,59.19,6296.0,1.305,1736.0
474,8678594,K01261.01,Kepler-799 b,CONFIRMED,133.460999,11.4997,5032.9,11.21,5588.0,1.593,433.0
475,10925104,K00156.02,Kepler-114 b,CONFIRMED,5.188563677,2.3683,358.7,1.0,3980.0,0.54,586.0
476,8678594,K01261.02,Kepler-799 c,CONFIRMED,15.19423359,3.106,367.8,3.69,5588.0,1.593,893.0
477,4076098,K01323.01,Kepler-817 b,CONFIRMED,3.990105908,2.4108,6154.9,7.45,5926.0,0.913,1124.0
478,4282872,K01325.01,Kepler-818 b,CONFIRMED,10.035381809,3.4062,2829.7,4.42,5813.0,0.833,786.0
479,7211221,K01379.01,Kepler-831 b,CONFIRMED,5.62154315,2.4143,172.3,1.37,5637.0,0.96,992.0
480,11356260,K01441.01,Kepler-851 b,CONFIRMED,8.50698069,2.938,295.5,1.9,5822.0,0.986,900.0
481,11600889,K01442.01,Kepler-407 b,CONFIRMED,0.669310092,1.6274,131.8,1.13,5475.0,1.003,1983.0
482,11043167,K01444.01,Kepler-852 b,CONFIRMED,44.9306706,6.539,438.4,2.49,6121.0,1.164,565.0
483,8612847,K01264.01,Kepler-800 b,CONFIRMED,14.13175309,4.0136,1033.0,3.02,5616.0,0.822,675.0
484,8547140,K01266.01,Kepler-801 b,CONFIRMED,11.41926141,3.9908,915.6,1.48,3823.0,0.492,419.0
485,4072526,K01329.01,Kepler-819 b,CONFIRMED,33.1996355,5.022,1112.5,2.85,5102.0,0.88,485.0
486,4455231,K01332.01,Kepler-288 c,CONFIRMED,19.30581662,4.2902,709.1,4.0,5661.0,1.522,815.0
487,9527915,K00165.01,Kepler-478 b,CONFIRMED,13.22175358,2.7884,876.5,2.38,5211.0,0.799,640.0
488,11336883,K01445.01,Kepler-853 b,CONFIRMED,7.16893064,4.6766,112.8,1.61,6221.0,1.458,1187.0
489,8564587,K01270.01,Kepler-57 b,CONFIRMED,5.729317577,1.1816,865.4,2.41,5320.0,0.786,850.0
490,10925104,K00156.03,Kepler-114 d,CONFIRMED,11.776132317,2.8971,1430.8,2.08,3980.0,0.54,446.0
491,8564587,K01270.02,Kepler-57 c,CONFIRMED,11.60908533,2.2603,489.3,1.71,5320.0,0.786,671.0
492,8806072,K01273.01,Kepler-802 b,CONFIRMED,40.05881661,5.595,1239.4,3.43,5668.0,0.868,489.0
493,4455231,K01332.02,Kepler-288 b,CONFIRMED,6.09747233,3.431,217.6,2.22,5661.0,1.522,1197.0
494,4455231,K01332.03,Kepler-288 d,CONFIRMED,56.637918,6.172,589.7,3.68,5661.0,1.522,570.0
495,8972058,K00159.01,Kepler-115 c,CONFIRMED,8.99088621,4.2447,469.7,2.78,5881.0,1.171,960.0
496,7832356,K01456.01,Kepler-855 b,CONFIRMED,7.886632468,5.2147,6331.2,8.99,5847.0,1.135,996.0
497,9643874,K01457.01,Kepler-856 b,CONFIRMED,8.027681123,3.0942,8725.4,8.43,5569.0,0.887,824.0
498,8800954,K01274.01,Kepler-421 b,CONFIRMED,704.962626,18.003,2319.1,4.53,5305.0,0.818,178.0
499,8583696,K01275.01,Kepler-803 b,CONFIRMED,50.28635977,6.3212,1119.3,3.88,5900.0,1.167,543.0
500,8804283,K01276.01,Kepler-1991 c,CONFIRMED,22.79020351,5.0394,617.9,2.57,5478.0,1.053,634.0
501,8804283,K01276.02,Kepler-1991 b,CONFIRMED,13.26079792,3.912,199.4,1.47,5478.0,1.053,760.0
502,4155328,K01335.01,Kepler-820 b,CONFIRMED,127.8334997,10.914,1829.9,9.46,6505.0,2.17,554.0
503,4077526,K01336.01,Kepler-58 b,CONFIRMED,10.21864532,3.802,445.3,2.33,6100.0,1.083,920.0
504,4077526,K01336.02,Kepler-58 c,CONFIRMED,15.573637,5.326,468.1,2.94,6100.0,1.083,799.0
505,4077526,K01336.03,Kepler-58 d,CONFIRMED,40.1015561,5.246,550.0,2.92,6100.0,1.083,583.0
506,4077526,K01336.04,Kepler-58 e,CONFIRMED,4.45814897,2.867,188.1,1.61,6100.0,1.083,1212.0
507,8935810,K01395.01,Kepler-1747 b,CONFIRMED,6.230335,1.6493,1449.2,3.7,5477.0,0.865,875.0
508,2441495,K00166.01,Kepler-479 b,CONFIRMED,12.49340725,2.2614,715.7,2.2,5207.0,0.795,649.0
509,9455556,K01396.01,Kepler-294 c,CONFIRMED,6.62643441,3.1752,814.6,2.54,5616.0,0.903,895.0
510,9455556,K01396.02,Kepler-294 b,CONFIRMED,3.70122061,2.523,327.4,1.62,5616.0,0.903,1087.0
511,3732821,K01207.01,Kepler-790 b,CONFIRMED,13.73474071,2.769,746.4,2.71,5196.0,0.772,634.0
512,3962357,K01210.01,Kepler-791 b,CONFIRMED,14.55387488,6.973,319.7,3.45,6143.0,1.507,939.0
513,8394721,K00152.04,Kepler-79 e,CONFIRMED,81.0637895,3.001,476.0,3.01,6198.0,1.324,511.0
514,8609450,K01278.01,Kepler-282 d,CONFIRMED,24.8056775,6.148,624.4,2.16,5600.0,0.872,588.0
515,6541920,K00157.01,Kepler-11 c,CONFIRMED,13.02493307,4.5706,778.4,2.88,5657.0,1.046,786.0
516,8609450,K01278.02,Kepler-282 e,CONFIRMED,44.3471936,6.43,791.7,2.45,5600.0,0.872,484.0
517,8609450,K01278.03,Kepler-282 b,CONFIRMED,9.2207691,4.907,140.0,1.02,5600.0,0.872,817.0
518,8609450,K01278.04,Kepler-282 c,CONFIRMED,13.6396648,5.425,162.7,1.1,5600.0,0.872,717.0
519,4243911,K01337.01,Kepler-821 b,CONFIRMED,1.922799706,1.8604,259.7,1.28,5194.0,0.815,1215.0
520,4466677,K01338.01,Kepler-822 b,CONFIRMED,3.222975318,2.9247,232.7,1.47,5823.0,0.96,1239.0
521,4135665,K01339.01,Kepler-823 b,CONFIRMED,4.16811839,2.8084,263.0,2.28,5689.0,1.313,1277.0
522,9269281,K01398.01,Kepler-1748 b,CONFIRMED,5.82348911,2.2441,888.7,3.0,5774.0,0.864,955.0
523,9034103,K01402.01,Kepler-832 b,CONFIRMED,7.13969705,3.981,512.9,2.24,6014.0,0.993,965.0
524,9214942,K01403.01,Kepler-833 b,CONFIRMED,18.75470238,3.0331,995.3,1.67,3976.0,0.54,382.0
525,3749134,K01212.01,Kepler-792 b,CONFIRMED,11.30123036,4.022,277.1,1.85,5730.0,1.122,852.0
526,3660924,K01214.01,Kepler-793 b,CONFIRMED,4.24153629,2.971,188.1,1.44,5776.0,1.047,1177.0
527,3939150,K01215.01,Kepler-277 b,CONFIRMED,17.32419108,8.045,241.3,3.14,5968.0,1.857,964.0
528,8628758,K01279.01,Kepler-804 b,CONFIRMED,14.37457572,4.7892,335.8,1.94,5768.0,1.067,779.0
529,8628758,K01279.02,Kepler-804 c,CONFIRMED,9.65188331,4.296,103.2,1.08,5768.0,1.067,890.0
530,8742590,K01281.01,Kepler-1742 b,CONFIRMED,49.4781446,2.493,496.6,1.88,5776.0,0.849,462.0
531,8822366,K01282.01,Kepler-805 b,CONFIRMED,30.8639476,8.864,256.5,3.01,5977.0,1.571,743.0
532,8972058,K00159.02,Kepler-115 b,CONFIRMED,2.403640701,1.4012,74.9,1.24,5881.0,1.171,1489.0
533,4650674,K01341.01,Kepler-824 b,CONFIRMED,4.51436096,3.0083,230.7,1.84,5940.0,1.215,1231.0
534,4275721,K01342.01,Kepler-825 b,CONFIRMED,3.77359871,2.7282,176.0,1.29,6224.0,0.969,1270.0
535,4275721,K01342.02,Kepler-825 c,CONFIRMED,8.18182189,2.4566,299.6,1.77,6224.0,0.969,981.0
536,8874090,K01404.01,Kepler-834 b,CONFIRMED,13.32389352,3.2208,781.3,1.26,3751.0,0.45,378.0
537,11666881,K00167.01,Kepler-480 b,CONFIRMED,4.919584997,4.1988,425.7,2.86,6236.0,1.378,1312.0
538,9264949,K01405.01,Kepler-835 b,CONFIRMED,11.41911886,5.135,509.2,3.32,6311.0,1.172,921.0
539,9271752,K01406.01,Kepler-836 b,CONFIRMED,11.36113254,4.1886,569.5,2.6,6244.0,1.009,869.0
540,9150827,K01408.01,Kepler-1749 b,CONFIRMED,14.53410833,3.3094,510.6,1.36,3957.0,0.553,420.0
541,3939150,K01215.02,Kepler-277 c,CONFIRMED,33.0063185,7.118,278.1,3.13,5968.0,1.857,778.0
542,3839488,K01216.01,Kepler-794 b,CONFIRMED,11.13127159,4.2372,211.2,2.06,5800.0,1.435,952.0
543,3442055,K01218.01,Kepler-795 b,CONFIRMED,29.6193891,4.9595,314.7,1.74,5618.0,0.996,580.0
544,12252424,K00153.01,Kepler-113 c,CONFIRMED,8.925079516,2.6766,977.5,2.36,4728.0,0.693,628.0
545,8700771,K01283.01,Kepler-806 b,CONFIRMED,8.0922105,5.7696,65.3,1.44,5774.0,1.395,1089.0
546,6541920,K00157.02,Kepler-11 d,CONFIRMED,22.687155,5.4921,960.0,3.2,5657.0,1.046,653.0
547,4136466,K01344.01,Kepler-826 b,CONFIRMED,4.48758768,2.874,112.0,1.37,6060.0,1.257,1305.0
548,9391208,K01409.01,Kepler-837 b,CONFIRMED,16.56062577,2.611,700.8,2.94,5818.0,0.855,701.0
549,9391506,K01410.01,Kepler-838 b,CONFIRMED,15.74958583,4.6672,659.5,2.77,6191.0,1.025,777.0
550,8950853,K01412.01,Kepler-839 b,CONFIRMED,37.8145252,9.109,412.5,3.04,5988.0,1.314,626.0
551,9006449,K01413.01,Kepler-295 b,CONFIRMED,12.64504291,9.117,200.4,1.55,5607.0,0.886,741.0
552,9006449,K01413.02,Kepler-295 c,CONFIRMED,21.5262958,8.392,190.0,1.36,5607.0,0.886,621.0
553,9006449,K01413.03,Kepler-295 d,CONFIRMED,33.8845825,6.538,224.1,1.74,5607.0,0.886,533.0
554,4043190,K01220.01,Kepler-796 b,CONFIRMED,6.40087137,2.5561,133.6,1.91,5426.0,1.421,1109.0
555,3640905,K01221.01,Kepler-278 b,CONFIRMED,30.1599411,7.874,175.9,4.54,5010.0,3.051,836.0
556,3640905,K01221.02,Kepler-278 c,CONFIRMED,51.0771048,11.233,141.5,3.66,5010.0,3.051,702.0
557,10790387,K01288.01,Kepler-807 b,CONFIRMED,117.93110803,5.8796,8506.6,10.36,6392.0,1.072,418.0
558,7303287,K01353.01,Kepler-289 c,CONFIRMED,125.86540191,9.0191,12389.5,12.37,5933.0,1.115,394.0
559,7303287,K01353.02,Kepler-289 b,CONFIRMED,34.5439452,3.482,429.8,2.67,5933.0,1.115,607.0
560,11512246,K00168.01,Kepler-23 c,CONFIRMED,10.74241765,6.0633,415.2,3.06,5761.0,1.518,1008.0
561,11517719,K01416.01,Kepler-840 b,CONFIRMED,2.495780169,4.2721,25070.0,15.75,6039.0,0.992,1408.0
562,12252424,K00153.02,Kepler-113 b,CONFIRMED,4.75400072,2.5394,748.7,2.0,4728.0,0.693,775.0
563,10874614,K00017.01,Kepler-6 b,CONFIRMED,3.234699282,3.59385,10558.7,13.06,5640.0,1.291,1356.0
564,6541920,K00157.03,Kepler-11 e,CONFIRMED,31.99552485,4.2817,1376.1,4.12,5657.0,1.046,582.0
565,7211141,K01355.01,Kepler-827 b,CONFIRMED,51.92920654,5.2637,3425.8,8.49,5671.0,1.442,574.0
566,7376983,K01358.01,Kepler-1987 d,CONFIRMED,5.644914154,2.2599,1397.9,2.66,4769.0,0.714,744.0
567,5084942,K00161.01,Kepler-475 b,CONFIRMED,3.105507835,1.7458,904.6,2.68,4989.0,0.791,980.0
568,11497958,K01422.01,Kepler-296 c,CONFIRMED,5.841636615,1.8734,1336.3,1.38,3526.0,0.383,446.0
569,11497958,K01422.02,Kepler-296 d,CONFIRMED,19.85029495,2.8407,1607.5,1.52,3526.0,0.383,297.0
570,11512246,K00168.02,Kepler-23 d,CONFIRMED,15.27443889,6.0765,206.7,2.17,5761.0,1.518,896.0
571,10604335,K01298.01,Kepler-283 b,CONFIRMED,11.00817635,2.013,1462.5,2.15,4141.0,0.582,488.0
572,10604335,K01298.02,Kepler-283 c,CONFIRMED,92.7495777,5.506,1105.1,1.87,4141.0,0.582,240.0
573,10864656,K01299.01,Kepler-432 b,CONFIRMED,52.5008645,14.9066,946.7,12.41,4976.0,4.157,812.0
574,10975146,K01300.01,Kepler-808 b,CONFIRMED,0.63133171,1.1487,434.5,1.2,4441.0,0.53,1322.0
575,10538176,K01301.01,Kepler-284 b,CONFIRMED,12.69905011,2.9899,797.4,2.62,5291.0,0.882,686.0
576,7376983,K01358.02,Kepler-1987 e,CONFIRMED,8.74292005,2.6277,779.5,1.92,4769.0,0.714,643.0
577,7376983,K01358.03,Kepler-1987 c,CONFIRMED,3.64830183,1.9985,371.7,1.33,4769.0,0.714,860.0
578,7376983,K01358.04,Kepler-1987 b,CONFIRMED,2.345863002,1.6795,316.7,1.23,4769.0,0.714,997.0
579,6946199,K01359.01,Kepler-1744 b,CONFIRMED,37.1011418,5.5556,1357.5,3.19,5986.0,0.85,532.0
580,11497958,K01422.03,Kepler-296 b,CONFIRMED,10.8644095,1.853,748.7,1.14,3526.0,0.383,363.0
581,11177707,K01423.01,Kepler-841 b,CONFIRMED,124.4197175,3.7197,4107.0,10.3,5066.0,1.659,416.0
582,11611600,K01424.01,Kepler-842 b,CONFIRMED,1.219568047,1.5681,494.9,1.51,4838.0,0.701,1252.0
583,11254382,K01425.01,Kepler-843 b,CONFIRMED,2.05388477,2.1635,546.7,2.74,5632.0,1.176,1523.0
584,11122894,K01426.01,Kepler-297 b,CONFIRMED,38.86848956,6.0573,1004.9,2.81,5618.0,0.897,509.0
585,6677841,K01236.01,Kepler-279 c,CONFIRMED,35.7353616,8.491,778.8,5.47,6366.0,1.697,774.0
586,6677841,K01236.02,Kepler-279 b,CONFIRMED,12.30971679,6.74,396.0,3.82,6366.0,1.697,1104.0
587,6677841,K01236.03,Kepler-279 d,CONFIRMED,54.4205407,8.559,598.0,3.2,6781.0,1.067,574.0
588,6383821,K01238.01,Kepler-797 b,CONFIRMED,27.07237655,6.9592,514.2,2.18,5936.0,0.965,605.0
589,10538176,K01301.02,Kepler-284 c,CONFIRMED,37.5142128,5.303,935.0,2.68,5291.0,0.882,478.0
590,10724369,K01302.01,Kepler-809 b,CONFIRMED,55.6391882,7.316,853.0,3.13,5949.0,0.962,478.0
591,6541920,K00157.04,Kepler-11 f,CONFIRMED,46.6856205,6.3794,588.8,2.52,5657.0,1.046,513.0
592,10744335,K01304.01,Kepler-810 b,CONFIRMED,4.59726613,2.909,313.0,1.69,5999.0,0.959,1105.0
593,4860678,K01602.01,Kepler-1758 b,CONFIRMED,9.97716876,5.908,252.9,2.53,5557.0,1.616,1028.0
594,5177104,K01603.01,Kepler-904 b,CONFIRMED,3.02168007,2.8264,171.9,1.31,6201.0,0.989,1332.0
595,8230616,K01713.02,Kepler-316 b,CONFIRMED,2.240486703,1.3988,436.3,1.22,4198.0,0.574,837.0
596,9836959,K01715.01,Kepler-1766 b,CONFIRMED,105.0145774,7.426,296.0,2.29,5868.0,1.042,406.0
597,9838949,K01716.01,Kepler-935 b,CONFIRMED,4.88084456,2.5574,343.0,1.55,4929.0,0.861,879.0
598,9895006,K01717.01,Kepler-936 b,CONFIRMED,10.56137217,3.2645,238.4,2.43,5610.0,1.171,867.0
599,9896558,K01718.01,Kepler-937 b,CONFIRMED,67.6690554,9.556,961.1,3.39,6127.0,1.08,495.0
600,9589323,K01488.01,Kepler-861 b,CONFIRMED,3.949627144,1.5485,807.2,2.32,5155.0,0.836,966.0
601,9823487,K01489.01,Kepler-1753 b,CONFIRMED,16.00460392,3.9475,831.9,2.24,5180.0,0.769,583.0
602,9726659,K01491.01,Kepler-862 b,CONFIRMED,3.148661555,2.1978,550.5,2.15,5258.0,0.873,1097.0
603,5371776,K01557.01,Kepler-304 b,CONFIRMED,3.295701024,1.8268,1745.7,2.81,4723.0,0.691,875.0
604,5371776,K01557.02,Kepler-304 d,CONFIRMED,9.65349016,2.9029,1308.6,2.41,4723.0,0.691,611.0
605,5371776,K01557.03,Kepler-304 c,CONFIRMED,5.315954488,1.1165,965.9,2.33,4723.0,0.691,746.0
606,9573539,K00180.01,Kepler-484 b,CONFIRMED,10.04556377,3.2027,671.4,2.19,5632.0,0.853,766.0
607,5371776,K01557.04,Kepler-304 e,CONFIRMED,1.499144441,1.4259,258.9,1.09,4723.0,0.691,1137.0
608,9886661,K01606.01,Kepler-905 b,CONFIRMED,5.082748362,1.7732,276.7,1.4,5430.0,0.858,928.0
609,10055126,K01608.01,Kepler-311 b,CONFIRMED,9.17617167,4.2642,206.9,1.66,5903.0,1.156,960.0
610,10055126,K01608.02,Kepler-311 c,CONFIRMED,19.7383992,4.894,168.1,1.61,5903.0,1.156,744.0
611,5009743,K01609.01,Kepler-906 b,CONFIRMED,41.6980186,5.7047,440.8,2.03,5997.0,0.971,537.0
612,10015937,K01720.01,Kepler-1767 b,CONFIRMED,59.6585348,5.514,1043.8,3.59,5243.0,0.831,393.0
613,10019065,K01721.01,Kepler-938 b,CONFIRMED,52.6298542,6.118,675.8,3.68,5339.0,1.433,544.0
614,7950644,K00192.01,Kepler-427 b,CONFIRMED,10.290994129,4.28889,9655.7,13.43,5803.0,1.373,996.0
615,10080248,K01722.01,Kepler-939 b,CONFIRMED,14.8783945,7.491,322.8,1.63,5822.0,0.837,692.0
616,10213902,K01723.01,Kepler-940 b,CONFIRMED,59.6222627,6.888,993.4,3.63,6108.0,0.997,486.0
617,11821363,K01494.01,Kepler-1754 b,CONFIRMED,8.19596647,2.824,792.8,2.04,4723.0,0.747,672.0
618,7629518,K01495.01,Kepler-863 b,CONFIRMED,15.59466045,5.0478,867.7,2.74,5900.0,0.929,718.0
619,10810838,K00174.01,Kepler-482 b,CONFIRMED,56.35407916,3.4449,1037.0,2.59,4802.0,0.701,352.0
620,10963065,K01612.01,Kepler-408 b,CONFIRMED,2.465024332,1.262,30.7,0.69,6139.0,1.194,1561.0
621,6268648,K01613.01,Kepler-907 b,CONFIRMED,15.86624787,4.25,77.3,1.31,6099.0,1.308,879.0
622,5357901,K00188.01,Kepler-425 b,CONFIRMED,3.797018259,2.2608,14431.2,10.07,5167.0,0.848,982.0
623,4278221,K01615.01,Kepler-908 b,CONFIRMED,1.340596782,1.6484,107.5,1.16,5992.0,1.125,1783.0
624,10214162,K01724.01,Kepler-941 b,CONFIRMED,17.42393582,4.929,770.9,3.29,6018.0,0.969,722.0
625,10905746,K01725.01,Kepler-1651 b,CONFIRMED,9.8786461,1.8915,1472.7,1.6,3609.0,0.422,393.0
626,8242434,K01726.01,Kepler-942 b,CONFIRMED,44.96407458,4.981,811.6,2.0,4827.0,0.729,379.0
627,6185331,K01727.01,Kepler-943 b,CONFIRMED,49.7700907,10.065,3529.2,5.12,5774.0,0.818,455.0
628,9636135,K01498.01,Kepler-864 b,CONFIRMED,5.83376197,3.9988,532.9,2.98,6213.0,1.195,1143.0
629,9636135,K01498.02,Kepler-864 c,CONFIRMED,2.42150341,2.965,171.5,1.62,6213.0,1.195,1532.0
630,7841925,K01499.01,Kepler-865 b,CONFIRMED,14.16400071,4.3031,728.1,2.35,5440.0,0.885,694.0
631,7841925,K01499.03,Kepler-865 c,CONFIRMED,6.20920207,2.637,101.9,0.89,5440.0,0.885,914.0
632,5219234,K01563.01,Kepler-305 b,CONFIRMED,5.48711441,2.93,1328.6,3.24,5103.0,0.787,836.0
633,5219234,K01563.02,Kepler-305 c,CONFIRMED,8.29084167,3.613,1033.9,3.21,5103.0,0.787,728.0
634,5219234,K01563.03,Kepler-305 e,CONFIRMED,3.20539622,2.143,453.6,1.7,5103.0,0.787,1000.0
635,5219234,K01563.04,Kepler-305 d,CONFIRMED,16.73869035,2.398,996.8,2.56,5103.0,0.787,576.0
636,9015738,K01616.01,Kepler-909 b,CONFIRMED,13.93291548,2.6239,131.6,1.66,6026.0,1.207,852.0
637,7215603,K01618.01,Kepler-910 b,CONFIRMED,2.36436762,3.372,28.4,0.82,6250.0,1.543,1752.0
638,5561278,K01621.01,Kepler-911 b,CONFIRMED,20.31047472,5.3357,164.6,2.41,6065.0,1.877,931.0
639,6387542,K01626.01,Kepler-912 b,CONFIRMED,2.53475568,4.5716,463.0,2.02,5662.0,0.806,1218.0
640,6869184,K01732.01,Kepler-944 b,CONFIRMED,43.3167427,4.995,987.5,2.42,5654.0,0.774,459.0
641,6604328,K01736.01,Kepler-945 b,CONFIRMED,31.0033072,5.253,645.2,2.72,6090.0,1.071,616.0
642,7439316,K01501.01,Kepler-866 b,CONFIRMED,2.617028373,2.046,499.4,1.57,4831.0,0.724,996.0
643,12400538,K01503.01,Kepler-867 b,CONFIRMED,150.2412582,10.849,2378.5,4.6,5604.0,0.943,327.0
644,5184584,K01564.01,Kepler-891 b,CONFIRMED,53.44944498,5.3091,3437.0,5.82,5919.0,1.0,486.0
645,5438099,K01567.01,Kepler-306 c,CONFIRMED,7.24022418,2.9153,864.9,2.14,4955.0,0.721,716.0
646,5438099,K01567.02,Kepler-306 b,CONFIRMED,4.64622383,2.5137,446.5,1.82,4955.0,0.721,830.0
647,6543893,K01627.01,Kepler-913 b,CONFIRMED,10.29674097,2.7292,1011.8,5.75,6068.0,1.797,1129.0
648,6543893,K01627.02,Kepler-913 c,CONFIRMED,5.93919041,2.285,424.5,3.7,6068.0,1.797,1357.0
649,6975129,K01628.01,Kepler-312 c,CONFIRMED,19.74733983,3.4444,480.7,2.62,6243.0,1.149,754.0
650,11391018,K00189.01,Kepler-486 b,CONFIRMED,30.360445359,6.0134,21124.7,10.99,4939.0,0.765,459.0
651,8685497,K01629.01,Kepler-914 b,CONFIRMED,4.4096675,2.1418,132.7,1.51,5836.0,1.166,1192.0
652,4365645,K01738.01,Kepler-1671 b,CONFIRMED,4.16787814,2.2136,168.1,1.07,5251.0,0.847,962.0
653,8197343,K01746.01,Kepler-946 b,CONFIRMED,11.79161234,3.036,415.4,2.41,5619.0,1.199,857.0
654,6786348,K01749.01,Kepler-947 b,CONFIRMED,26.964501,3.792,601.7,2.2,5754.0,0.905,573.0
655,6209677,K01750.01,Kepler-948 b,CONFIRMED,7.76845639,3.689,217.8,1.35,5447.0,0.917,841.0
656,9813499,K01505.01,Kepler-868 b,CONFIRMED,5.03257009,4.213,439.1,2.53,5970.0,0.908,1047.0
657,12254792,K01506.01,Kepler-869 b,CONFIRMED,40.4286676,7.102,916.1,2.92,5813.0,0.833,494.0
658,12020218,K01507.01,Kepler-870 b,CONFIRMED,21.3588236,5.823,640.1,2.52,6170.0,0.992,691.0
659,7690844,K01508.01,Kepler-871 b,CONFIRMED,22.0459163,5.22,804.8,3.05,5900.0,0.951,640.0
660,5438099,K01567.03,Kepler-306 d,CONFIRMED,17.32670445,4.269,800.0,2.23,4955.0,0.721,535.0
661,5438099,K01567.04,Kepler-306 e,CONFIRMED,44.8411168,5.902,1051.6,2.75,4955.0,0.721,390.0
662,8009350,K01569.01,Kepler-892 b,CONFIRMED,13.75207851,2.8831,1215.6,2.81,4802.0,0.699,556.0
663,8082001,K01570.01,Kepler-893 b,CONFIRMED,6.33855946,3.4617,721.7,3.31,6108.0,1.03,1034.0
664,9277896,K01632.01,Kepler-915 b,CONFIRMED,4.59489816,3.1381,109.7,1.85,6056.0,1.381,1319.0
665,9401997,K01633.01,Kepler-916 b,CONFIRMED,32.2964275,4.561,472.2,1.9,5246.0,0.891,503.0
666,10686864,K01637.01,Kepler-917 b,CONFIRMED,2.97041801,2.2369,530.7,1.7,5068.0,0.743,991.0
667,9631995,K00022.01,Kepler-422 b,CONFIRMED,7.891448838,4.2854,10344.6,12.63,5972.0,1.237,1028.0
668,7901948,K01511.01,Kepler-872 b,CONFIRMED,2.578852119,2.3581,334.3,1.63,5743.0,0.853,1230.0
669,6442377,K00176.01,Kepler-483 b,CONFIRMED,30.22910274,6.6751,443.4,3.49,6325.0,1.518,755.0
670,10004519,K01572.01,Kepler-894 b,CONFIRMED,9.80321143,4.4617,813.4,2.99,6170.0,0.992,896.0
671,5031857,K01573.01,Kepler-1755 b,CONFIRMED,24.81097206,3.2245,2090.8,4.22,6086.0,0.921,631.0
672,10879038,K01641.01,Kepler-918 b,CONFIRMED,4.8538404,3.198,196.4,1.72,5778.0,0.968,1052.0
673,10990917,K01643.01,Kepler-919 b,CONFIRMED,11.04605365,4.799,308.3,1.8,6093.0,1.025,869.0
674,11046025,K01646.01,Kepler-1759 b,CONFIRMED,3.72020708,1.892,156.9,0.99,5017.0,0.797,954.0
675,9729691,K01751.01,Kepler-949 b,CONFIRMED,8.689301216,2.563,1117.0,2.92,5211.0,0.895,782.0
676,9729691,K01751.02,Kepler-949 c,CONFIRMED,20.99757968,2.454,1131.8,2.97,5211.0,0.895,582.0
677,10904857,K00194.01,Kepler-488 b,CONFIRMED,3.120828136,2.1878,16456.0,14.16,6122.0,0.996,1303.0
678,8651389,K01754.01,Kepler-1768 b,CONFIRMED,15.13590453,2.236,255.7,2.57,6050.0,1.572,933.0
679,7871954,K01515.01,Kepler-303 b,CONFIRMED,1.937029968,1.4727,312.3,0.87,4042.0,0.49,802.0
680,7871954,K01515.02,Kepler-303 c,CONFIRMED,7.06117322,1.0406,481.7,1.23,4042.0,0.49,521.0
681,12418724,K01516.01,Kepler-873 b,CONFIRMED,20.55331441,5.3136,678.3,3.19,6325.0,1.112,749.0
682,7456001,K01517.01,Kepler-874 b,CONFIRMED,40.0686713,5.8875,970.9,3.1,6026.0,0.992,560.0
683,10028792,K01574.01,Kepler-87 b,CONFIRMED,114.73658,12.0355,4850.0,12.28,5597.0,1.699,476.0
684,10028792,K01574.02,Kepler-87 c,CONFIRMED,191.239133,16.942,1061.2,6.47,5597.0,1.699,401.0
685,5299459,K01576.01,Kepler-307 b,CONFIRMED,10.41572666,2.7719,825.3,3.01,5511.0,0.987,797.0
686,11153121,K01647.01,Kepler-313 b,CONFIRMED,14.97031664,5.884,290.5,2.53,5726.0,1.483,883.0
687,11153121,K01647.02,Kepler-313 c,CONFIRMED,32.2753853,8.622,223.9,2.31,5726.0,1.483,683.0
688,11177543,K01648.01,Kepler-1760 b,CONFIRMED,38.3262237,3.073,392.1,2.43,5229.0,0.903,480.0
689,11337141,K01649.01,Kepler-1761 b,CONFIRMED,4.04355245,1.965,416.2,1.75,3871.0,0.532,613.0
690,3967760,K01760.01,Kepler-317 b,CONFIRMED,5.52418625,2.826,491.0,2.25,5334.0,1.004,976.0
691,3967760,K01760.02,Kepler-317 c,CONFIRMED,8.77514782,3.176,351.9,1.91,5334.0,1.004,837.0
692,7549209,K01518.01,Kepler-875 b,CONFIRMED,27.5071114,5.907,580.7,2.58,5783.0,0.88,569.0
693,7663405,K01519.01,Kepler-876 b,CONFIRMED,5.1443645,2.703,310.7,1.55,5157.0,0.904,923.0
694,9765975,K01520.01,Kepler-877 b,CONFIRMED,18.45848388,3.3703,535.3,2.5,5311.0,0.948,632.0
695,9818462,K01521.01,Kepler-878 b,CONFIRMED,25.9421582,4.045,569.7,1.95,5167.0,0.796,501.0
696,6803202,K00177.01,Kepler-1711 b,CONFIRMED,21.06075303,5.2472,301.2,1.78,5706.0,1.034,669.0
697,5299459,K01576.02,Kepler-307 c,CONFIRMED,13.08424286,3.0401,662.0,2.71,5511.0,0.987,739.0
698,9651668,K00183.01,Kepler-423 b,CONFIRMED,2.684328541,2.69382,18136.5,12.73,5561.0,0.956,1265.0
699,12506770,K01577.01,Kepler-895 b,CONFIRMED,2.806243488,1.6271,599.6,1.41,4153.0,0.581,771.0
700,11337372,K01650.01,Kepler-920 b,CONFIRMED,6.53194024,3.3351,771.9,3.09,5301.0,0.977,907.0
701,11337833,K01651.01,Kepler-921 b,CONFIRMED,51.3011844,5.359,498.9,2.07,6032.0,0.929,492.0
702,11547505,K01655.01,Kepler-922 b,CONFIRMED,0.938466959,1.3015,217.4,1.58,5499.0,1.087,1876.0
703,11502867,K00195.01,Kepler-426 b,CONFIRMED,3.217518511,2.11481,14319.4,11.38,5720.0,0.903,1185.0
704,9909735,K01779.01,Kepler-318 b,CONFIRMED,4.66271902,2.757,1630.6,3.86,5729.0,0.939,1039.0
705,9909735,K01779.02,Kepler-318 c,CONFIRMED,11.8150174,2.834,1003.0,3.48,5729.0,0.939,762.0
706,11551692,K01781.01,Kepler-411 c,CONFIRMED,7.834433676,2.89,2018.1,3.47,4920.0,0.72,689.0
707,11551692,K01781.02,Kepler-411 b,CONFIRMED,3.005156911,2.0747,691.6,2.2,4920.0,0.72,949.0
708,12266636,K01522.01,Kepler-879 b,CONFIRMED,33.3856176,5.0361,553.2,2.48,5833.0,1.022,580.0
709,7869917,K01525.01,Kepler-880 b,CONFIRMED,7.71467686,4.5871,233.9,4.65,6900.0,2.599,1622.0
710,9824805,K01526.01,Kepler-881 b,CONFIRMED,4.4444826,3.686,163.0,1.71,6240.0,1.079,1217.0
711,7939330,K01581.01,Kepler-896 c,CONFIRMED,29.5422566,13.902,879.9,3.15,5510.0,0.803,515.0
712,7939330,K01581.02,Kepler-896 b,CONFIRMED,144.551628,16.599,1035.2,3.06,5510.0,0.803,303.0
713,12602568,K01583.01,Kepler-897 b,CONFIRMED,8.04727721,5.159,486.0,2.33,5840.0,0.849,855.0
714,9941066,K01584.01,Kepler-898 b,CONFIRMED,5.87063416,2.5736,505.6,1.44,4166.0,0.612,616.0
715,5972334,K00191.01,Kepler-487 b,CONFIRMED,15.358767771,4.1223,14638.1,10.89,5422.0,0.887,662.0
716,4650733,K01659.01,Kepler-1762 b,CONFIRMED,29.5390897,4.139,403.3,2.51,6572.0,1.238,714.0
717,7831264,K00171.02,Kepler-116 c,CONFIRMED,13.07141889,3.0946,251.1,2.47,6122.0,1.439,964.0
718,7691260,K01528.01,Kepler-882 b,CONFIRMED,3.989544192,1.591,190.0,0.93,5229.0,0.688,903.0
719,9821454,K01529.01,Kepler-59 c,CONFIRMED,17.9776037,4.605,213.9,1.58,6296.0,1.006,752.0
720,9821454,K01529.02,Kepler-59 b,CONFIRMED,11.8693144,4.653,101.9,1.09,6296.0,1.006,864.0
721,11954842,K01530.01,Kepler-883 b,CONFIRMED,12.98494603,3.4497,257.2,1.64,5948.0,1.025,818.0
722,5470739,K01585.01,Kepler-899 b,CONFIRMED,19.17893976,5.144,752.8,2.4,5767.0,0.881,640.0
723,10022908,K01586.01,Kepler-900 b,CONFIRMED,6.99130452,2.1568,555.4,1.95,4847.0,0.761,716.0
724,5617854,K01588.01,Kepler-901 b,CONFIRMED,3.517494725,1.5639,532.8,1.42,4132.0,0.564,704.0
725,4932442,K01665.01,Kepler-923 b,CONFIRMED,6.93365167,4.608,119.6,1.7,5861.0,1.304,1104.0
726,5183357,K01669.01,Kepler-924 b,CONFIRMED,61.0373591,8.378,437.5,3.38,6309.0,1.614,610.0
727,5269467,K01672.01,Kepler-925 b,CONFIRMED,33.8677783,3.72,894.8,2.31,4564.0,0.691,394.0
728,11764462,K01531.01,Kepler-884 b,CONFIRMED,5.69919592,2.3906,159.4,1.16,5646.0,0.932,964.0
729,11656246,K01532.01,Kepler-885 b,CONFIRMED,18.11473813,5.2706,241.5,2.49,6109.0,1.36,830.0
730,7808587,K01533.01,Kepler-886 b,CONFIRMED,6.24145791,3.0998,163.7,1.6,5810.0,1.259,1111.0
731,4741126,K01534.01,Kepler-887 b,CONFIRMED,20.4222447,6.22,189.3,1.78,6119.0,1.299,785.0
732,5301750,K01589.01,Kepler-84 b,CONFIRMED,8.72585478,4.473,446.7,2.86,6036.0,1.131,985.0
733,5301750,K01589.02,Kepler-84 c,CONFIRMED,12.88291395,5.676,460.5,3.15,6036.0,1.131,865.0
734,5301750,K01589.03,Kepler-84 e,CONFIRMED,27.4345973,5.038,472.6,2.56,6036.0,1.131,672.0
735,5301750,K01589.04,Kepler-84 d,CONFIRMED,4.22453631,3.128,159.1,1.6,6036.0,1.131,1254.0
736,5301750,K01589.05,Kepler-84 f,CONFIRMED,44.5520266,6.0,362.1,2.29,6036.0,1.131,572.0
737,5526717,K01677.01,Kepler-926 b,CONFIRMED,52.069002,3.0089,558.3,2.92,5565.0,1.246,524.0
738,5972334,K00191.02,Kepler-487 d,CONFIRMED,2.418406841,2.0744,665.4,2.25,5422.0,0.887,1226.0
739,6034945,K01683.01,Kepler-927 b,CONFIRMED,9.11500269,4.558,268.3,1.78,5962.0,1.028,906.0
740,8692861,K00172.01,Kepler-69 b,CONFIRMED,13.7223682,5.1231,571.1,2.23,5637.0,0.943,746.0
741,9480310,K01470.01,Kepler-1668 b,CONFIRMED,15.43400996,4.2572,1785.9,4.3,5900.0,0.951,721.0
742,4741126,K01534.02,Kepler-887 c,CONFIRMED,7.63846084,3.957,71.7,1.12,6119.0,1.299,1089.0
743,11669125,K01535.01,Kepler-888 b,CONFIRMED,70.6981724,6.632,357.7,1.63,5811.0,0.866,417.0
744,12159249,K01536.01,Kepler-889 b,CONFIRMED,3.74443645,2.9191,73.3,1.1,5876.0,1.293,1328.0
745,5542466,K01590.02,Kepler-1756 b,CONFIRMED,2.35574505,1.796,266.9,1.34,4915.0,0.812,1093.0
746,10028140,K01591.01,Kepler-1757 b,CONFIRMED,19.65639342,3.226,843.2,2.83,5288.0,0.74,549.0
747,6049190,K01685.01,Kepler-1764 b,CONFIRMED,70.468171,6.653,922.4,3.46,6461.0,1.131,511.0
748,6198999,K01687.01,Kepler-928 b,CONFIRMED,3.93246069,2.1763,455.5,1.65,4841.0,0.779,894.0
749,6310636,K01688.01,Kepler-929 b,CONFIRMED,0.921030497,2.6077,101.5,1.62,5843.0,1.615,2362.0
750,6616218,K01692.01,Kepler-314 c,CONFIRMED,5.960400011,2.8617,828.3,2.85,5418.0,0.886,890.0
751,7761545,K01472.01,Kepler-857 b,CONFIRMED,85.3514875,6.7504,4674.7,6.31,5584.0,0.938,390.0
752,12365184,K01474.01,Kepler-419 b,CONFIRMED,69.72646639,3.7177,4491.2,11.65,6430.0,1.731,613.0
753,4770365,K01475.01,Kepler-1669 c,CONFIRMED,1.609321941,1.6067,728.5,1.57,4224.0,0.603,958.0
754,4770365,K01475.02,Kepler-1669 b,CONFIRMED,9.51220046,2.9497,1169.4,1.99,4224.0,0.603,530.0
755,4770365,K01475.03,Kepler-1669 d,CONFIRMED,4.72941177,2.234,434.3,1.22,4224.0,0.603,669.0
756,10748390,K00003.01,Kepler-3 b,CONFIRMED,4.887803076,2.36255,4315.8,4.82,4778.0,0.763,800.0
757,11804465,K00020.01,Kepler-12 b,CONFIRMED,4.437962934,4.69813,16387.6,18.05,5953.0,1.415,1338.0
758,9663113,K00179.01,Kepler-458 c,CONFIRMED,20.74028645,10.3939,1023.3,4.24,6226.0,1.299,798.0
759,5289854,K01593.01,Kepler-308 b,CONFIRMED,9.69501146,2.75,515.2,2.08,5896.0,0.914,833.0
760,5289854,K01593.02,Kepler-308 c,CONFIRMED,15.3825394,3.815,550.5,2.14,5896.0,0.914,714.0
761,10006581,K01595.01,Kepler-902 b,CONFIRMED,40.1097817,5.2096,732.0,3.11,5509.0,1.169,556.0
762,6616218,K01692.02,Kepler-314 b,CONFIRMED,2.46106962,2.184,84.2,0.84,5418.0,0.886,1195.0
763,7220429,K01700.01,Kepler-931 b,CONFIRMED,8.03753796,2.9118,286.5,1.54,5044.0,0.804,744.0
764,12406749,K01476.01,Kepler-1752 b,CONFIRMED,56.3587987,6.927,2559.6,5.04,5446.0,0.821,419.0
765,8692861,K00172.02,Kepler-69 c,CONFIRMED,242.467406,12.808,340.3,1.73,5637.0,0.943,286.0
766,12403119,K01478.01,Kepler-858 b,CONFIRMED,76.13622222,7.9393,2949.5,4.78,5591.0,0.892,399.0
767,10027323,K01596.01,Kepler-309 b,CONFIRMED,5.92365747,2.6302,406.5,0.99,3883.0,0.496,531.0
768,10027323,K01596.02,Kepler-309 c,CONFIRMED,105.3582299,3.81,1210.2,1.87,3883.0,0.496,204.0
769,12019440,K00186.01,Kepler-485 b,CONFIRMED,3.24325988,3.03318,16450.9,12.91,5823.0,1.013,1243.0
770,10004738,K01598.01,Kepler-310 c,CONFIRMED,56.4758069,5.961,1091.8,3.22,5497.0,0.839,417.0
771,10004738,K01598.02,Kepler-310 d,CONFIRMED,92.8747294,7.474,658.8,2.64,5497.0,0.839,353.0
772,7304449,K01702.01,Kepler-1650 b,CONFIRMED,1.538180949,1.2635,841.0,1.0,3364.0,0.274,602.0
773,7386827,K01704.01,Kepler-1765 b,CONFIRMED,10.4188915,3.0069,670.0,3.17,5692.0,1.064,855.0
774,7522911,K01705.01,Kepler-1670 b,CONFIRMED,20.4998763,6.501,437.8,2.8,6249.0,1.076,731.0
775,7626370,K01706.01,Kepler-932 b,CONFIRMED,1.921437488,1.9046,278.7,1.77,5238.0,0.851,1276.0
776,7703955,K01707.01,Kepler-315 b,CONFIRMED,96.109323,9.877,982.3,4.01,5792.0,1.005,409.0
777,7512982,K01480.01,Kepler-859 b,CONFIRMED,20.38174802,3.7922,1597.1,3.16,4883.0,0.808,528.0
778,9597806,K01481.01,Kepler-860 b,CONFIRMED,5.101375725,2.595,894.6,2.84,5869.0,0.954,1050.0
779,9663113,K00179.02,Kepler-458 b,CONFIRMED,572.376632,24.42,1743.4,5.8,6226.0,1.299,264.0
780,10004738,K01598.03,Kepler-310 b,CONFIRMED,13.93068791,2.312,186.5,1.4,5497.0,0.839,665.0
781,5474613,K01599.01,Kepler-1659 c,CONFIRMED,20.4074846,8.839,363.4,2.9,5823.0,0.972,660.0
782,5438757,K01601.01,Kepler-903 b,CONFIRMED,10.35078415,6.253,273.1,1.97,5534.0,1.08,842.0
783,5438757,K01601.02,Kepler-903 c,CONFIRMED,62.9224936,11.64,417.8,2.75,5534.0,1.08,462.0
784,5972334,K00191.04,Kepler-487 c,CONFIRMED,38.6520796,5.607,566.5,2.07,5422.0,0.887,487.0
785,7815744,K01710.01,Kepler-933 b,CONFIRMED,14.20442616,3.898,800.6,1.9,5350.0,0.678,602.0
786,7955580,K01711.01,Kepler-934 b,CONFIRMED,55.673582,3.778,765.1,2.19,4998.0,0.808,384.0
787,8230616,K01713.01,Kepler-316 c,CONFIRMED,6.82778157,2.3726,545.8,1.34,4198.0,0.574,577.0
788,7898352,K01486.01,Kepler-302 c,CONFIRMED,127.2824442,7.1545,8088.6,12.04,5733.0,1.183,392.0
789,11402995,K00173.01,Kepler-481 b,CONFIRMED,10.06083238,4.5718,460.2,2.58,5705.0,1.14,899.0
790,7898352,K01486.02,Kepler-302 b,CONFIRMED,30.1837021,5.879,974.9,3.65,5733.0,1.183,634.0
791,7951018,K01553.01,Kepler-890 b,CONFIRMED,52.75878505,6.6517,5805.8,8.76,6228.0,1.137,540.0
792,7747425,K01952.04,Kepler-341 e,CONFIRMED,42.4729078,7.253,334.0,2.03,5616.0,1.111,539.0
793,9892816,K01955.01,Kepler-342 b,CONFIRMED,15.17026921,4.3311,224.8,2.47,6297.0,1.369,905.0
794,9892816,K01955.02,Kepler-342 d,CONFIRMED,39.4576228,9.557,244.8,2.8,6297.0,1.369,658.0
795,9836149,K01958.01,Kepler-66 b,CONFIRMED,17.8159689,3.6765,776.8,3.12,5964.0,0.933,699.0
796,4813563,K01959.01,Kepler-1026 b,CONFIRMED,36.5157639,3.6577,861.3,2.55,4847.0,0.781,425.0
797,2985767,K02032.01,Kepler-1063 b,CONFIRMED,14.07969236,1.375,169.5,2.08,5821.0,1.547,931.0
798,2304320,K02033.01,Kepler-1064 b,CONFIRMED,16.54081386,2.5996,370.0,1.57,5064.0,0.769,570.0
799,3657758,K02034.01,Kepler-1065 b,CONFIRMED,3.609313059,1.7752,1375.1,3.26,5668.0,0.868,1092.0
800,9790806,K02035.01,Kepler-1066 b,CONFIRMED,1.93155546,1.614,504.9,2.25,5461.0,0.858,1290.0
801,6382217,K02036.01,Kepler-353 c,CONFIRMED,8.41100305,2.4553,755.6,1.8,3757.0,0.539,472.0
802,5375194,K01825.01,Kepler-964 b,CONFIRMED,13.52252364,3.987,690.6,2.11,5338.0,0.816,652.0
803,6468138,K01826.01,Kepler-965 b,CONFIRMED,134.2520474,9.0636,832.1,3.43,5818.0,1.2,393.0
804,10019708,K00199.01,Kepler-490 b,CONFIRMED,3.268695042,3.45188,10091.4,16.91,5927.0,1.691,1597.0
805,11875734,K01828.01,Kepler-966 b,CONFIRMED,99.7468804,6.804,1287.0,3.94,5620.0,0.974,391.0
806,7046804,K00205.01,Kepler-492 b,CONFIRMED,11.720123999,3.0039,9763.3,7.94,5215.0,0.77,660.0
807,7449136,K01890.01,Kepler-1002 b,CONFIRMED,4.33643506,4.1445,108.5,1.75,6180.0,1.603,1453.0
808,8680979,K01891.01,Kepler-330 c,CONFIRMED,15.95541913,3.9851,762.6,2.18,4891.0,0.805,573.0
809,8680979,K01891.02,Kepler-330 b,CONFIRMED,8.25980352,2.928,298.4,1.35,4891.0,0.805,714.0
810,9030537,K01892.01,Kepler-1674 b,CONFIRMED,62.5613879,5.907,1372.6,3.54,5662.0,0.84,417.0
811,6949061,K01960.01,Kepler-343 b,CONFIRMED,8.96847034,4.4073,234.3,2.17,5808.0,1.374,1024.0
812,7269493,K01961.01,Kepler-1027 b,CONFIRMED,1.907810683,1.8707,120.5,0.91,5435.0,0.824,1268.0
813,11657891,K01965.01,Kepler-1028 b,CONFIRMED,2.514628496,1.6239,228.4,1.27,5662.0,0.84,1217.0
814,6305192,K00219.01,Kepler-494 b,CONFIRMED,8.025118521,5.3694,3120.4,7.79,6002.0,1.369,1093.0
815,6382217,K02036.02,Kepler-353 b,CONFIRMED,5.79529495,2.272,334.3,1.05,3757.0,0.539,534.0
816,9634821,K02037.01,Kepler-1995 b,CONFIRMED,73.7578875,2.69,1836.9,4.28,5029.0,0.93,375.0
817,8950568,K02038.01,Kepler-85 b,CONFIRMED,8.30537702,3.751,365.6,1.69,5435.0,0.873,809.0
818,3326377,K01830.01,Kepler-967 b,CONFIRMED,13.22714056,3.2861,812.0,2.22,5180.0,0.8,638.0
819,11601584,K01831.01,Kepler-324 c,CONFIRMED,51.8098276,6.343,1025.4,2.6,5191.0,0.826,410.0
820,11601584,K01831.02,Kepler-324 b,CONFIRMED,4.38536428,2.5126,198.5,1.15,5191.0,0.826,935.0
821,11601584,K01831.03,Kepler-324 d,CONFIRMED,34.205785079,5.1691,183.2,1.1,5191.0,0.826,471.0
822,11601584,K01831.04,Kepler-324 e,CONFIRMED,13.97945055,1.2325,356.1,1.97,5191.0,0.826,635.0
823,8689793,K01893.01,Kepler-1003 b,CONFIRMED,3.554856338,2.1004,232.9,1.29,6068.0,0.831,1157.0
824,11673802,K01894.01,Kepler-1004 b,CONFIRMED,5.28790754,8.5274,343.9,7.1,4994.0,3.818,1661.0
825,4263293,K01895.01,Kepler-331 b,CONFIRMED,8.45746636,2.2906,1320.3,1.87,4347.0,0.524,540.0
826,4263293,K01895.02,Kepler-331 c,CONFIRMED,17.28116957,2.829,1562.8,2.04,4347.0,0.524,425.0
827,4263293,K01895.03,Kepler-331 d,CONFIRMED,32.1340014,2.691,1262.0,1.84,4347.0,0.524,346.0
828,5695524,K01897.01,Kepler-1774 b,CONFIRMED,59.7711433,4.843,574.5,3.17,6214.0,1.122,522.0
829,6205897,K01967.01,Kepler-1029 b,CONFIRMED,4.417692516,2.323,279.2,1.57,4766.0,0.664,790.0
830,7948784,K01968.01,Kepler-1778 b,CONFIRMED,10.08744556,2.9884,568.1,3.15,6310.0,1.095,942.0
831,9244756,K01969.01,Kepler-1779 b,CONFIRMED,16.34355902,5.474,829.4,3.26,5730.0,1.056,730.0
832,9650808,K01970.01,Kepler-344 b,CONFIRMED,21.96401646,2.7509,693.4,2.57,5774.0,0.958,643.0
833,9650808,K01970.02,Kepler-344 c,CONFIRMED,125.602323,7.105,925.7,2.89,5774.0,0.958,360.0
834,8950568,K02038.02,Kepler-85 c,CONFIRMED,12.51353325,4.301,430.8,1.88,5435.0,0.873,706.0
835,8950568,K02038.03,Kepler-85 d,CONFIRMED,17.9134215,4.364,197.8,1.39,5435.0,0.873,626.0
836,8950568,K02038.04,Kepler-85 e,CONFIRMED,25.2149143,5.76,174.1,1.19,5435.0,0.873,559.0
837,8804845,K02039.01,Kepler-1067 c,CONFIRMED,5.42586901,2.5342,259.0,1.48,5594.0,0.934,973.0
838,10480915,K02040.01,Kepler-1785 b,CONFIRMED,19.58561177,1.755,532.9,3.09,5618.0,0.996,666.0
839,11709244,K01832.01,Kepler-325 b,CONFIRMED,4.544436472,1.8141,879.3,3.0,5445.0,0.937,1017.0
840,11709244,K01832.02,Kepler-325 c,CONFIRMED,12.76220558,2.0688,653.8,3.18,5445.0,0.937,721.0
841,11709244,K01832.03,Kepler-325 d,CONFIRMED,38.7149617,3.441,694.8,2.62,5445.0,0.937,498.0
842,11853878,K01833.01,Kepler-968 b,CONFIRMED,3.69298623,1.7744,763.3,1.74,4402.0,0.572,745.0
843,5728139,K00206.01,Kepler-433 b,CONFIRMED,5.334082429,6.2226,4676.5,13.08,6332.0,1.905,1495.0
844,7668663,K01898.01,Kepler-1005 b,CONFIRMED,6.4980147,2.4384,190.9,1.87,5727.0,1.104,1026.0
845,7047922,K01899.01,Kepler-1006 b,CONFIRMED,19.76169247,3.9097,392.5,2.81,6327.0,1.175,791.0
846,9353314,K01900.01,Kepler-1007 b,CONFIRMED,5.18498961,2.1397,430.1,1.15,4325.0,0.56,652.0
847,3629967,K01901.01,Kepler-1775 b,CONFIRMED,85.6542476,6.866,476.0,3.56,5818.0,1.647,522.0
848,9347009,K01971.01,Kepler-1030 b,CONFIRMED,19.32945602,3.794,935.5,2.26,5026.0,0.763,529.0
849,4917596,K01973.01,Kepler-1032 b,CONFIRMED,3.290114076,1.5151,645.3,1.49,4484.0,0.594,802.0
850,11046458,K00214.01,Kepler-424 b,CONFIRMED,3.311864148,1.4049,5976.5,9.06,5461.0,0.937,1116.0
851,7132798,K00220.01,Kepler-119 b,CONFIRMED,2.422084188,2.5613,1871.8,3.55,5598.0,0.83,1213.0
852,3448130,K02043.01,Kepler-1786 b,CONFIRMED,78.5461106,8.689,658.7,3.55,5808.0,1.397,501.0
853,9656252,K02044.01,Kepler-1068 b,CONFIRMED,16.92342126,4.1864,1125.3,3.4,5786.0,0.99,702.0
854,6026438,K02045.01,Kepler-354 b,CONFIRMED,5.47665801,2.5482,648.0,2.01,4650.0,0.706,741.0
855,9471268,K01835.01,Kepler-326 c,CONFIRMED,4.580346161,2.097,308.3,1.38,5103.0,0.789,889.0
856,9471268,K01835.02,Kepler-326 b,CONFIRMED,2.248288213,2.0361,263.2,1.25,5103.0,0.789,1127.0
857,9471268,K01835.03,Kepler-326 d,CONFIRMED,6.76690759,1.7062,249.3,1.31,5103.0,0.789,781.0
858,10657406,K01837.01,Kepler-969 b,CONFIRMED,34.1732156,4.7679,635.0,2.37,5201.0,0.834,465.0
859,5526527,K01838.01,Kepler-970 b,CONFIRMED,16.7364755,2.151,1147.0,2.73,4334.0,0.653,464.0
860,8766650,K01904.01,Kepler-1008 b,CONFIRMED,12.43929428,3.176,254.3,1.3,4987.0,0.773,627.0
861,10328393,K01905.01,Kepler-332 b,CONFIRMED,7.62635494,2.4168,296.1,1.21,4955.0,0.721,703.0
862,7094486,K01907.01,Kepler-1009 b,CONFIRMED,11.35010642,2.2792,1221.0,1.75,3597.0,0.514,403.0
863,7289577,K01974.01,Kepler-1780 b,CONFIRMED,109.4450597,3.792,1269.6,3.04,5403.0,0.868,340.0
864,8543100,K01975.01,Kepler-1033 b,CONFIRMED,7.56052209,3.8573,659.8,2.4,5895.0,0.94,914.0
865,2693736,K01976.01,Kepler-1034 b,CONFIRMED,12.12401737,3.3091,788.4,2.37,5094.0,0.87,675.0
866,9412760,K01977.01,Kepler-345 c,CONFIRMED,9.38740646,1.6165,384.6,1.69,4500.0,0.646,575.0
867,9412760,K01977.02,Kepler-345 b,CONFIRMED,7.41556471,1.973,150.4,0.79,4500.0,0.646,622.0
868,6026438,K02045.02,Kepler-354 d,CONFIRMED,24.2101973,4.046,458.0,1.5,4650.0,0.706,451.0
869,10663396,K02046.01,Kepler-1069 b,CONFIRMED,23.8990075,15.955,293.4,3.26,5511.0,1.93,823.0
870,11457726,K02047.01,Kepler-1070 b,CONFIRMED,6.22161107,3.4117,165.0,1.59,6277.0,1.097,1101.0
871,8956206,K02048.01,Kepler-1071 b,CONFIRMED,6.17998508,2.1094,750.5,2.12,5149.0,0.791,814.0
872,9649706,K02049.01,Kepler-1072 b,CONFIRMED,1.569066598,2.7803,147.2,1.68,5821.0,1.395,1849.0
873,5856571,K01839.01,Kepler-971 b,CONFIRMED,9.59068586,3.452,544.6,3.93,5476.0,1.673,1087.0
874,7765528,K01840.01,Kepler-972 b,CONFIRMED,7.03932913,3.514,836.7,4.67,5846.0,1.24,1060.0
875,11760231,K01841.01,Kepler-973 b,CONFIRMED,49.6075771,2.9575,626.7,2.12,5187.0,0.774,402.0
876,7779077,K01842.01,Kepler-1770 b,CONFIRMED,16.84183355,2.6194,822.1,3.08,5602.0,1.009,699.0
877,6046540,K00200.01,Kepler-74 b,CONFIRMED,7.340714946,2.9987,8510.5,14.31,6056.0,1.498,1155.0
878,5706966,K01908.01,Kepler-333 b,CONFIRMED,12.55111099,3.1293,494.1,1.34,4213.0,0.598,480.0
879,3762468,K00208.01,Kepler-493 b,CONFIRMED,3.003879547,3.2848,8538.0,10.96,6311.0,1.172,1438.0
880,5706966,K01908.02,Kepler-333 c,CONFIRMED,24.0884178,3.952,387.2,1.16,4213.0,0.598,386.0
881,10130039,K01909.01,Kepler-334 c,CONFIRMED,12.75800092,4.1828,187.9,1.49,5782.0,1.095,822.0
882,10130039,K01909.02,Kepler-334 b,CONFIRMED,5.47033376,3.1441,112.0,1.15,5782.0,1.095,1090.0
883,9518318,K01978.01,Kepler-346 b,CONFIRMED,6.51112385,1.6919,695.1,3.09,6032.0,1.001,1008.0
884,9518318,K01978.02,Kepler-346 c,CONFIRMED,23.85163321,2.4453,833.7,3.37,6032.0,1.001,654.0
885,7273277,K01979.01,Kepler-1035 b,CONFIRMED,2.714078374,1.3115,143.5,1.38,5815.0,0.992,1301.0
886,11769890,K01980.01,Kepler-1036 b,CONFIRMED,122.8799543,7.835,717.7,2.7,5413.0,0.861,326.0
887,6862721,K01982.01,Kepler-1781 b,CONFIRMED,4.88753111,2.034,679.6,2.45,5568.0,0.957,1003.0
888,12301181,K02059.01,Kepler-1076 b,CONFIRMED,6.14728341,2.7645,119.7,0.79,4997.0,0.746,770.0
889,9279354,K02060.01,Kepler-1788 b,CONFIRMED,2.800111267,1.0237,706.7,2.13,4786.0,0.704,956.0
890,6774880,K02062.01,Kepler-1077 b,CONFIRMED,34.3511339,4.4408,599.4,2.75,6091.0,0.967,576.0
891,3937519,K00221.01,Kepler-495 b,CONFIRMED,3.413036353,2.61366,3868.7,6.62,5392.0,1.087,1200.0
892,7449541,K02063.01,Kepler-1078 b,CONFIRMED,3.00725068,4.4302,285.8,1.56,5667.0,0.781,1122.0
893,5080636,K01843.01,Kepler-974 b,CONFIRMED,4.194496867,1.7807,660.7,1.57,3706.0,0.522,577.0
894,3338885,K01845.01,Kepler-975 b,CONFIRMED,1.970340203,1.7901,403.2,3.97,4883.0,1.667,1599.0
895,3338885,K01845.02,Kepler-975 c,CONFIRMED,5.05821338,1.132,748.3,10.69,4883.0,1.667,1168.0
896,6776401,K01847.01,Kepler-977 b,CONFIRMED,26.85323647,4.4557,965.8,2.65,5329.0,0.869,544.0
897,10130039,K01909.03,Kepler-334 d,CONFIRMED,25.0985083,2.7727,167.6,1.59,5782.0,1.095,656.0
898,8226050,K01910.01,Kepler-1010 b,CONFIRMED,34.2685741,4.8251,699.3,2.44,5083.0,0.872,477.0
899,9965957,K01911.01,Kepler-1011 b,CONFIRMED,5.75321539,1.7948,733.8,3.14,5445.0,0.929,920.0
900,9704384,K01913.01,Kepler-1012 b,CONFIRMED,5.50860699,3.0788,203.9,1.49,5448.0,0.883,934.0
901,8426567,K01914.01,Kepler-1013 b,CONFIRMED,18.93055119,3.372,684.0,4.41,5015.0,1.643,766.0
902,10094670,K01984.01,Kepler-1677 b,CONFIRMED,22.06402,4.1,388.7,2.67,6232.0,1.09,712.0
903,8142942,K01985.01,Kepler-1782 b,CONFIRMED,5.756245244,1.071,623.6,2.24,4931.0,0.734,773.0
904,8257205,K01986.01,Kepler-1038 b,CONFIRMED,148.4601819,5.499,1532.1,3.61,5159.0,0.821,285.0
905,9044228,K01988.01,Kepler-1039 b,CONFIRMED,0.934885365,1.4083,270.4,3.21,4777.0,1.795,2080.0
906,7265298,K02051.01,Kepler-355 c,CONFIRMED,25.7626846,6.908,619.5,2.66,5739.0,1.069,633.0
907,7265298,K02051.02,Kepler-355 b,CONFIRMED,11.0317836,4.753,182.3,1.45,5739.0,1.069,840.0
908,7132798,K00220.02,Kepler-119 c,CONFIRMED,4.12511935,2.877,114.7,0.88,5598.0,0.83,1016.0
909,2307415,K02053.01,Kepler-356 c,CONFIRMED,13.12162167,3.6138,196.9,1.99,6140.0,1.277,913.0
910,7430034,K01848.01,Kepler-978 b,CONFIRMED,49.6220669,7.222,505.5,3.33,5938.0,1.184,546.0
911,9735426,K01849.01,Kepler-979 b,CONFIRMED,8.08801663,1.8334,952.9,2.94,5269.0,0.874,792.0
912,8826168,K01850.01,Kepler-980 b,CONFIRMED,11.55103848,3.3601,402.8,2.17,5907.0,1.058,845.0
913,10464050,K01851.01,Kepler-981 b,CONFIRMED,4.469754641,1.813,553.9,2.26,5988.0,0.934,1103.0
914,9763348,K01852.01,Kepler-982 b,CONFIRMED,15.77382794,4.957,313.6,2.72,6283.0,1.531,955.0
915,9101496,K01915.01,Kepler-335 b,CONFIRMED,6.56226483,4.0144,260.8,3.07,5878.0,1.812,1290.0
916,6037581,K01916.01,Kepler-336 d,CONFIRMED,20.67876365,4.6395,323.9,2.42,5865.0,1.272,749.0
917,10723750,K00209.01,Kepler-117 c,CONFIRMED,50.79034648,10.8474,5671.1,10.6,6163.0,1.406,612.0
918,6037581,K01916.02,Kepler-336 c,CONFIRMED,9.59993246,4.3206,271.2,2.08,5865.0,1.272,967.0
919,6037581,K01916.03,Kepler-336 b,CONFIRMED,2.0248205,2.55,63.3,1.01,5865.0,1.272,1625.0
920,10779233,K01989.01,Kepler-1040 b,CONFIRMED,201.118319,10.328,584.8,2.28,5646.0,0.954,300.0
921,11614617,K01990.01,Kepler-1041 b,CONFIRMED,24.7577652,6.998,458.7,2.44,6106.0,0.966,644.0
922,11450414,K01992.01,Kepler-347 b,CONFIRMED,12.7983174,6.401,336.6,2.88,5592.0,1.451,908.0
923,4736569,K01996.01,Kepler-1042 b,CONFIRMED,10.13200555,3.1683,911.6,1.67,4777.0,0.561,574.0
924,10384798,K01997.01,Kepler-1043 b,CONFIRMED,38.505224,5.941,695.2,2.45,5974.0,0.881,532.0
925,2307415,K02053.02,Kepler-356 b,CONFIRMED,4.6126736,3.0643,133.2,1.6,6140.0,1.277,1294.0
926,3128552,K02055.01,Kepler-1073 b,CONFIRMED,8.67890312,3.5317,540.6,2.56,5509.0,1.116,905.0
927,10134152,K02056.01,Kepler-1787 b,CONFIRMED,39.3135699,5.0137,500.1,2.07,6060.0,0.925,540.0
928,9573685,K02057.01,Kepler-1074 b,CONFIRMED,5.94565516,2.1604,401.2,1.12,3974.0,0.564,568.0
929,10329835,K02058.01,Kepler-1075 b,CONFIRMED,1.52373073,1.4796,364.7,1.26,3746.0,0.51,818.0
930,6849046,K00201.01,Kepler-491 b,CONFIRMED,4.225384543,2.82038,7563.0,9.0,5574.0,1.054,1111.0
931,8804397,K01853.01,Kepler-983 b,CONFIRMED,60.0853848,7.007,432.2,2.4,6028.0,1.047,485.0
932,9662811,K01854.01,Kepler-984 b,CONFIRMED,43.0343364,6.571,541.6,2.5,5550.0,0.911,484.0
933,11297236,K01857.01,Kepler-1771 b,CONFIRMED,88.6440015,7.82,625.5,2.51,5661.0,0.934,391.0
934,10074466,K01917.01,Kepler-1776 b,CONFIRMED,35.01190875,2.868,436.7,2.97,5872.0,1.153,603.0
935,8218379,K01920.01,Kepler-1014 b,CONFIRMED,16.57099265,2.9052,644.9,2.03,5483.0,0.779,614.0
936,7755636,K01921.01,Kepler-1015 b,CONFIRMED,16.00496657,6.5047,377.5,3.71,6384.0,1.904,1040.0
937,9411166,K01922.01,Kepler-1016 b,CONFIRMED,1.954525966,2.0944,392.8,2.38,5741.0,1.136,1540.0
938,4989057,K01923.01,Kepler-1017 b,CONFIRMED,7.23400381,2.165,453.3,1.78,5411.0,0.85,831.0
939,9834040,K01998.01,Kepler-1044 b,CONFIRMED,6.77408984,2.6215,520.3,2.5,6246.0,1.092,1058.0
940,6152974,K00216.01,Kepler-118 c,CONFIRMED,20.172024672,3.1488,5368.1,6.24,5064.0,0.864,564.0
941,8802693,K02000.01,Kepler-1045 b,CONFIRMED,26.41044199,3.0715,991.1,2.45,5448.0,0.734,512.0
942,6061773,K02001.01,Kepler-1783 b,CONFIRMED,8.27745764,2.713,197.2,2.46,5129.0,1.781,1088.0
943,10024701,K02002.01,Kepler-1046 b,CONFIRMED,14.37504582,3.208,251.1,2.05,5931.0,1.053,786.0
944,3239671,K02066.01,Kepler-1678 b,CONFIRMED,147.97391,6.854,1267.1,3.33,5578.0,0.95,329.0
945,9304101,K02067.01,Kepler-1079 b,CONFIRMED,13.24503482,4.4078,156.1,1.77,5636.0,1.39,887.0
946,11360571,K02069.01,Kepler-1080 b,CONFIRMED,77.2550726,10.214,589.5,3.7,6564.0,1.356,548.0
947,6035124,K02071.01,Kepler-1081 b,CONFIRMED,3.85690686,2.0808,127.8,0.93,5272.0,0.813,972.0
948,8160953,K01858.01,Kepler-985 b,CONFIRMED,116.3311739,7.025,1586.3,3.26,5354.0,0.835,323.0
949,4157325,K01860.01,Kepler-416 b,CONFIRMED,6.31943553,3.3422,581.1,2.71,5670.0,1.022,986.0
950,4157325,K01860.02,Kepler-416 c,CONFIRMED,12.20951755,4.1808,538.1,2.61,5670.0,1.022,791.0
951,4157325,K01860.03,Kepler-416 d,CONFIRMED,3.07644709,2.6326,216.7,1.61,5670.0,1.022,1253.0
952,9955598,K01925.01,Kepler-409 b,CONFIRMED,68.958447,3.128,123.3,1.11,5455.0,0.888,402.0
953,10723750,K00209.02,Kepler-117 b,CONFIRMED,18.79591276,7.5235,2431.4,7.39,6163.0,1.406,852.0
954,5770074,K01928.01,Kepler-1675 b,CONFIRMED,63.0380366,7.3702,658.7,2.59,5798.0,1.019,465.0
955,10136549,K01929.01,Kepler-337 c,CONFIRMED,9.69315023,5.6725,141.8,1.89,5683.0,1.472,1017.0
956,12154526,K02004.01,Kepler-1047 b,CONFIRMED,56.1886436,6.5272,346.2,2.56,5700.0,1.176,503.0
957,6665512,K02005.01,Kepler-1048 b,CONFIRMED,6.92101452,4.3591,529.7,1.48,4461.0,0.585,619.0
958,10525027,K02006.01,Kepler-1049 b,CONFIRMED,3.27344784,1.7292,262.5,0.81,3758.0,0.496,625.0
959,11069176,K02007.01,Kepler-1050 b,CONFIRMED,15.3789014,4.662,185.1,2.94,5817.0,2.153,1039.0
960,10005758,K01783.01,Kepler-1662 b,CONFIRMED,134.4785189,5.9288,4033.5,10.52,5791.0,1.336,412.0
961,5864975,K01787.01,Kepler-950 b,CONFIRMED,98.7179332,6.593,7320.0,6.99,5808.0,0.786,360.0
962,2975770,K01788.01,Kepler-951 b,CONFIRMED,71.52543938,5.9189,5904.3,5.76,4855.0,0.778,340.0
963,7877496,K00202.01,Kepler-412 b,CONFIRMED,1.72086129,2.0243,10184.5,13.25,5742.0,1.215,1647.0
964,7286173,K01862.01,Kepler-986 b,CONFIRMED,56.4349933,4.7381,580.0,2.37,5534.0,1.001,465.0
965,11126381,K01863.01,Kepler-1673 b,CONFIRMED,33.7888028,5.496,649.2,2.71,6202.0,1.062,611.0
966,4149450,K01864.01,Kepler-1772 b,CONFIRMED,3.215109385,4.365,158.0,1.54,5541.0,0.934,1155.0
967,10136549,K01929.02,Kepler-337 b,CONFIRMED,3.29276797,4.8069,80.7,1.39,5683.0,1.472,1458.0
968,5511081,K01930.01,Kepler-338 b,CONFIRMED,13.72710334,7.3419,199.2,2.38,5951.0,1.693,1005.0
969,5511081,K01930.02,Kepler-338 c,CONFIRMED,24.3110031,8.7682,184.4,2.3,5951.0,1.693,831.0
970,5511081,K01930.03,Kepler-338 d,CONFIRMED,44.4304059,10.306,238.5,2.61,5951.0,1.693,680.0
971,5511081,K01930.04,Kepler-338 e,CONFIRMED,9.34145925,6.18,81.7,1.56,5951.0,1.693,1143.0
972,10978763,K01931.01,Kepler-339 b,CONFIRMED,4.97760447,2.5719,287.3,1.75,5353.0,1.023,1023.0
973,11069176,K02007.02,Kepler-1050 c,CONFIRMED,21.1285655,3.852,176.7,2.88,5817.0,2.153,935.0
974,6152974,K00216.02,Kepler-118 b,CONFIRMED,7.51854537,2.845,286.7,1.42,5064.0,0.864,784.0
975,5631630,K02010.01,Kepler-1051 b,CONFIRMED,25.96190067,6.2732,350.3,3.25,6369.0,1.729,850.0
976,6504954,K01790.01,Kepler-952 b,CONFIRMED,130.3543929,6.474,5128.7,7.7,5970.0,1.015,369.0
977,9410930,K00196.01,Kepler-41 b,CONFIRMED,1.855557556,2.35672,10570.1,10.05,5657.0,0.947,1436.0
978,10676014,K01797.01,Kepler-954 b,CONFIRMED,16.78175788,3.7386,908.0,2.25,4925.0,0.742,545.0
979,9520838,K01866.01,Kepler-987 b,CONFIRMED,105.3035093,6.214,1362.2,3.18,5534.0,0.875,351.0
980,8167996,K01867.01,Kepler-327 b,CONFIRMED,2.549562652,1.6999,495.1,1.11,3716.0,0.506,682.0
981,8167996,K01867.02,Kepler-327 d,CONFIRMED,13.96950181,1.5871,1110.0,2.04,3716.0,0.506,387.0
982,8167996,K01867.03,Kepler-327 c,CONFIRMED,5.21230171,2.098,430.0,1.04,3716.0,0.506,537.0
983,6773862,K01868.01,Kepler-988 b,CONFIRMED,17.76076524,1.6679,1287.2,1.93,3826.0,0.516,368.0
984,10978763,K01931.02,Kepler-339 d,CONFIRMED,10.55840479,3.366,194.2,1.41,5353.0,1.023,796.0
985,10978763,K01931.03,Kepler-339 c,CONFIRMED,6.98800953,3.103,193.2,1.39,5353.0,1.023,914.0
986,5202905,K01932.01,Kepler-340 c,CONFIRMED,22.8245144,6.617,322.7,3.36,6642.0,1.846,946.0
987,9072190,K01933.01,Kepler-1018 b,CONFIRMED,49.1011093,6.341,845.6,3.28,5393.0,1.11,498.0
988,5384079,K02011.01,Kepler-348 b,CONFIRMED,7.05675145,2.0261,130.0,1.68,6388.0,1.402,1196.0
989,9839821,K02012.01,Kepler-1052 b,CONFIRMED,34.8536903,5.333,767.7,2.4,5818.0,0.848,522.0
990,4056616,K02013.01,Kepler-1053 b,CONFIRMED,2.41434868,1.2701,191.0,0.97,4507.0,0.724,953.0
991,8492026,K02016.01,Kepler-1054 b,CONFIRMED,4.30656389,4.1107,257.0,1.95,6108.0,1.03,1177.0
992,11017901,K01800.01,Kepler-447 b,CONFIRMED,7.794302043,1.1081,3387.4,16.51,5494.0,0.982,882.0
993,5088591,K01801.01,Kepler-955 b,CONFIRMED,14.5324483,3.13,1355.9,3.11,5345.0,0.86,664.0
994,11298298,K01802.01,Kepler-956 b,CONFIRMED,5.248667607,1.917,601.2,2.84,5807.0,1.012,1056.0
995,10187159,K01870.01,Kepler-989 b,CONFIRMED,7.96431492,1.5342,746.0,2.44,5185.0,0.91,805.0
996,9758089,K01871.01,Kepler-1996 c,CONFIRMED,92.7297248,6.83,1257.5,2.81,4580.0,0.675,276.0
997,10619192,K00203.01,Kepler-17 b,CONFIRMED,1.485710994,2.2874,20823.9,14.48,5624.0,1.018,1562.0
998,4939346,K01873.01,Kepler-328 c,CONFIRMED,71.3116598,8.813,2138.0,4.94,6194.0,1.069,475.0
999,10190777,K01937.01,Kepler-1019 b,CONFIRMED,1.411230023,1.4325,388.2,1.71,4575.0,0.737,1164.0
1000,9651234,K01938.01,Kepler-1020 b,CONFIRMED,96.9151707,6.065,862.8,2.37,5162.0,0.791,325.0
1001,7045496,K01939.01,Kepler-1021 b,CONFIRMED,13.47472742,2.5995,729.6,1.96,5395.0,0.734,634.0
1002,8750043,K02017.01,Kepler-1055 b,CONFIRMED,2.29503515,1.654,172.1,1.18,5637.0,0.909,1304.0
1003,9973109,K02018.01,Kepler-1056 b,CONFIRMED,27.495634,4.858,483.3,2.11,5657.0,0.911,590.0
1004,6226290,K02019.01,Kepler-1057 b,CONFIRMED,14.08826442,4.1847,889.4,2.66,5853.0,0.895,724.0
1005,9595827,K00217.01,Kepler-71 b,CONFIRMED,3.905081685,2.8213,21340.5,12.78,5543.0,0.887,1046.0
1006,9349482,K02020.01,Kepler-1058 b,CONFIRMED,110.9643706,12.831,1283.2,2.11,4441.0,0.546,239.0
1007,4644952,K01805.01,Kepler-319 c,CONFIRMED,6.94135824,1.8899,825.0,2.96,5527.0,0.88,876.0
1008,2987027,K00197.01,Kepler-489 b,CONFIRMED,17.276296682,3.94738,10458.0,7.31,4941.0,0.738,538.0
1009,4644952,K01805.02,Kepler-319 d,CONFIRMED,31.7821117,3.856,570.2,2.08,5527.0,0.88,528.0
1010,4644952,K01805.03,Kepler-319 b,CONFIRMED,4.36273233,2.2375,341.6,1.76,5527.0,0.88,1023.0
1011,8978528,K01874.01,Kepler-329 c,CONFIRMED,18.6848377,3.7965,1251.5,1.93,4156.0,0.545,402.0
1012,8978528,K01874.02,Kepler-329 b,CONFIRMED,7.41634701,2.1362,505.5,1.24,4156.0,0.545,547.0
1013,9967771,K01875.01,Kepler-990 b,CONFIRMED,9.91724268,3.2241,457.9,2.85,5539.0,1.207,903.0
1014,11622600,K01876.01,Kepler-991 b,CONFIRMED,82.5341188,4.8556,1895.4,2.45,4316.0,0.58,260.0
1015,10454632,K01877.01,Kepler-992 b,CONFIRMED,20.16037858,4.13,343.6,1.75,4975.0,0.724,510.0
1016,10005788,K01940.01,Kepler-1022 b,CONFIRMED,10.99470891,1.5929,884.7,1.71,4302.0,0.586,512.0
1017,2832589,K01942.01,Kepler-1978 b,CONFIRMED,10.84969477,3.474,1122.1,2.67,5251.0,0.778,676.0
1018,2438513,K01944.01,Kepler-1777 b,CONFIRMED,12.18420006,2.5014,499.3,2.59,5771.0,1.068,819.0
1019,6356207,K02021.01,Kepler-1059 b,CONFIRMED,3.76417012,2.0111,558.4,1.7,5063.0,0.728,908.0
1020,8564674,K02022.01,Kepler-349 b,CONFIRMED,5.92972237,2.518,412.1,1.92,5741.0,0.956,972.0
1021,8564674,K02022.02,Kepler-349 c,CONFIRMED,12.2476121,3.209,402.7,1.9,5741.0,0.956,763.0
1022,8578780,K02023.01,Kepler-1784 b,CONFIRMED,13.59051547,3.784,621.9,2.4,5442.0,0.974,724.0
1023,4544907,K02024.01,Kepler-1060 b,CONFIRMED,46.8776724,10.041,539.8,2.62,5504.0,0.993,484.0
1024,7761918,K01808.01,Kepler-1769 b,CONFIRMED,89.1935737,4.0104,868.3,3.81,6071.0,1.295,483.0
1025,8240797,K01809.01,Kepler-321 c,CONFIRMED,13.09390911,2.2805,398.7,2.2,5772.0,0.956,752.0
1026,8240797,K01809.02,Kepler-321 b,CONFIRMED,4.915385452,2.7757,225.5,1.46,5772.0,0.956,1042.0
1027,9455325,K01813.01,Kepler-958 b,CONFIRMED,9.76785911,2.1649,585.4,2.54,5371.0,0.852,749.0
1028,3098810,K01878.01,Kepler-1773 b,CONFIRMED,40.80957343,3.158,436.1,3.44,6183.0,1.3,623.0
1029,8367644,K01879.01,Kepler-993 b,CONFIRMED,22.08551599,2.1727,3157.4,3.34,3828.0,0.565,352.0
1030,10332883,K01880.01,Kepler-994 b,CONFIRMED,1.151166776,1.0907,578.4,1.28,3951.0,0.535,957.0
1031,9305831,K00204.01,Kepler-44 b,CONFIRMED,3.246732048,3.0535,6998.2,12.4,5763.0,1.457,1459.0
1032,11656918,K01945.01,Kepler-1023 b,CONFIRMED,62.1385979,4.2938,886.3,5.14,5123.0,1.621,524.0
1033,4636578,K02025.01,Kepler-350 c,CONFIRMED,17.84850835,5.8919,391.2,3.29,6188.0,1.465,888.0
1034,4636578,K02025.02,Kepler-350 d,CONFIRMED,26.1363443,6.613,362.2,2.8,6188.0,1.465,782.0
1035,4636578,K02025.03,Kepler-350 b,CONFIRMED,11.1895709,5.3,143.3,1.81,6188.0,1.465,1037.0
1036,11923284,K02026.01,Kepler-1061 b,CONFIRMED,2.757977384,2.1489,211.0,1.69,5919.0,1.0,1332.0
1037,5621125,K01814.01,Kepler-959 b,CONFIRMED,14.80075082,5.762,501.4,17.38,6327.0,7.663,1912.0
1038,9872283,K01815.01,Kepler-960 b,CONFIRMED,3.126861192,1.1926,794.6,5.12,4854.0,1.749,1391.0
1039,7870032,K01818.01,Kepler-961 b,CONFIRMED,16.87725775,3.7917,818.4,2.54,5497.0,0.872,642.0
1040,9597058,K01819.01,Kepler-962 b,CONFIRMED,12.05705659,2.3462,523.9,1.96,5365.0,0.834,689.0
1041,4035640,K01881.01,Kepler-995 b,CONFIRMED,28.26727385,4.5839,1160.2,2.93,5132.0,0.886,517.0
1042,6205228,K01882.01,Kepler-996 b,CONFIRMED,3.770590654,2.029,314.4,2.13,5714.0,1.208,1272.0
1043,11758544,K01883.01,Kepler-997 b,CONFIRMED,2.7073064,3.4378,69.5,1.36,6045.0,1.629,1709.0
1044,3118797,K01950.01,Kepler-1024 b,CONFIRMED,66.4159789,7.061,2053.2,3.44,5383.0,0.759,376.0
1045,7747425,K01952.01,Kepler-341 c,CONFIRMED,8.0103929,4.2713,294.1,1.88,5616.0,1.111,940.0
1046,7747425,K01952.02,Kepler-341 d,CONFIRMED,27.6666375,6.315,324.0,2.04,5616.0,1.111,622.0
1047,7747425,K01952.03,Kepler-341 b,CONFIRMED,5.19559398,3.748,116.0,1.18,5616.0,1.111,1085.0
1048,7102316,K02028.01,Kepler-351 c,CONFIRMED,57.2488518,6.083,1455.6,3.19,5642.0,0.846,431.0
1049,7102316,K02028.02,Kepler-351 b,CONFIRMED,37.0551726,5.439,1028.8,3.19,5642.0,0.846,498.0
1050,9489524,K02029.01,Kepler-352 c,CONFIRMED,16.33269981,2.174,300.4,1.61,5208.0,0.772,591.0
1051,9489524,K02029.02,Kepler-352 b,CONFIRMED,10.05550267,2.951,147.7,0.92,5208.0,0.772,694.0
1052,5940165,K02031.01,Kepler-1062 b,CONFIRMED,9.30413878,1.9254,637.3,1.67,4458.0,0.658,583.0
1053,8277797,K01820.01,Kepler-322 c,CONFIRMED,4.33722007,2.4973,358.5,1.63,5390.0,0.876,996.0
1054,8277797,K01820.02,Kepler-322 b,CONFIRMED,1.653889476,1.7242,124.4,0.97,5390.0,0.876,1373.0
1055,5124667,K01822.01,Kepler-1672 b,CONFIRMED,150.8783198,8.6797,659.9,4.37,5504.0,1.737,423.0
1056,2989404,K01824.01,Kepler-323 c,CONFIRMED,3.553831111,3.1029,191.8,1.62,6015.0,1.081,1292.0
1057,2989404,K01824.02,Kepler-323 b,CONFIRMED,1.6783263,2.5123,146.3,1.57,6015.0,1.081,1659.0
1058,11413812,K01885.01,Kepler-998 b,CONFIRMED,5.65378163,1.9483,366.8,1.82,5988.0,0.934,1020.0
1059,9549648,K01886.01,Kepler-999 b,CONFIRMED,5.99185827,1.7215,186.3,2.75,6157.0,1.695,1355.0
1060,10063802,K01888.01,Kepler-1000 b,CONFIRMED,120.0183551,11.637,886.0,4.54,6469.0,1.467,473.0
1061,11074178,K01889.01,Kepler-1001 b,CONFIRMED,14.30517579,4.535,863.4,3.05,5741.0,0.846,693.0
1062,11074178,K01889.02,Kepler-1001 c,CONFIRMED,9.18189122,4.343,363.6,2.17,5741.0,0.846,804.0
1063,5942808,K02250.01,Kepler-1814 b,CONFIRMED,2.935362067,1.5043,1052.6,3.15,4922.0,0.823,1022.0
1064,6206214,K02252.01,Kepler-1158 b,CONFIRMED,13.53953595,4.389,134.2,2.32,6109.0,1.997,1079.0
1065,8959839,K02253.01,Kepler-1159 b,CONFIRMED,22.7082375,3.503,298.8,1.72,6170.0,0.992,677.0
1066,7672097,K02255.01,Kepler-1160 b,CONFIRMED,7.97033985,2.6675,490.8,1.81,5774.0,0.818,839.0
1067,5599774,K02337.01,Kepler-1195 b,CONFIRMED,8.49640437,2.2128,834.0,2.14,5093.0,0.709,702.0
1068,8099138,K02338.01,Kepler-1196 b,CONFIRMED,66.1843646,5.155,560.5,2.72,5640.0,0.978,436.0
1069,7033233,K02339.01,Kepler-1197 b,CONFIRMED,2.032318856,1.1596,287.5,1.12,4670.0,0.682,1011.0
1070,6383785,K00239.02,Kepler-501 c,CONFIRMED,3.62275506,2.7868,180.6,1.62,5794.0,1.216,1304.0
1071,9411412,K02101.01,Kepler-1096 b,CONFIRMED,2.892216772,1.3596,360.5,1.31,4229.0,0.615,794.0
1072,7008211,K02102.01,Kepler-1097 b,CONFIRMED,187.746606,5.885,1583.0,2.95,5303.0,0.753,267.0
1073,7620413,K02103.01,Kepler-1098 b,CONFIRMED,2.543063763,2.8473,152.0,1.26,5579.0,1.029,1319.0
1074,4545187,K00223.01,Kepler-121 b,CONFIRMED,3.177414601,1.5262,1134.3,2.65,5303.0,0.708,997.0
1075,10854546,K02104.01,Kepler-1099 b,CONFIRMED,2.168451063,1.458,466.9,2.41,6153.0,1.109,1558.0
1076,11774991,K02173.01,Kepler-367 b,CONFIRMED,37.8154157,4.662,286.4,1.21,4856.0,0.705,401.0
1077,11774991,K02173.02,Kepler-367 c,CONFIRMED,53.5783052,5.194,224.9,1.16,4856.0,0.705,357.0
1078,8261920,K02174.02,Kepler-1802 c,CONFIRMED,33.1362861,4.163,825.2,2.05,4245.0,0.637,357.0
1079,8261920,K02174.03,Kepler-1802 b,CONFIRMED,7.72513619,2.042,382.2,1.71,4245.0,0.637,581.0
1080,9112931,K02256.01,Kepler-1161 b,CONFIRMED,10.71253475,2.7186,1198.6,2.02,4175.0,0.544,485.0
1081,9071593,K02257.01,Kepler-1162 b,CONFIRMED,32.5635249,5.418,578.3,2.05,5225.0,0.859,490.0
1082,8126558,K02259.01,Kepler-1815 b,CONFIRMED,12.19140405,1.8832,665.8,2.46,5516.0,0.967,763.0
1083,11811193,K02260.01,Kepler-1163 b,CONFIRMED,6.11784972,3.458,60.5,1.05,6226.0,1.333,1211.0
1084,3734418,K02261.01,Kepler-1164 b,CONFIRMED,3.97599629,2.2029,206.0,1.11,5143.0,0.778,936.0
1085,8681734,K02340.01,Kepler-1198 b,CONFIRMED,7.68478504,2.447,274.1,1.47,5344.0,0.907,830.0
1086,10212441,K02342.01,Kepler-1199 b,CONFIRMED,15.0447098,5.823,97.9,1.51,5798.0,1.525,931.0
1087,8247771,K02344.01,Kepler-1200 b,CONFIRMED,1.118547814,1.5534,234.8,0.98,4496.0,0.658,1174.0
1088,8165946,K02105.01,Kepler-1100 b,CONFIRMED,6.42199919,2.6192,161.6,1.25,5985.0,0.981,1000.0
1089,12017109,K02106.01,Kepler-1679 b,CONFIRMED,9.75374033,2.348,430.8,1.87,5806.0,0.899,813.0
1090,9225395,K02107.01,Kepler-1101 b,CONFIRMED,81.3153052,5.807,715.5,2.55,5325.0,0.975,393.0
1091,10709622,K02108.01,Kepler-1102 b,CONFIRMED,51.3283527,9.357,692.3,3.06,6119.0,1.119,546.0
1092,11499228,K02109.01,Kepler-1103 b,CONFIRMED,19.7919389,3.787,383.7,2.58,6285.0,1.039,736.0
1093,9022166,K02175.01,Kepler-368 b,CONFIRMED,26.8475962,10.068,254.1,3.2,5508.0,1.988,800.0
1094,10965588,K02177.01,Kepler-1132 b,CONFIRMED,62.8917493,6.831,791.0,2.5,5052.0,0.855,384.0
1095,10670119,K02179.01,Kepler-369 c,CONFIRMED,14.87149773,2.4076,944.9,1.59,3825.0,0.524,391.0
1096,10670119,K02179.02,Kepler-369 b,CONFIRMED,2.732767897,1.1102,613.1,1.42,3825.0,0.524,687.0
1097,8491277,K00234.01,Kepler-498 b,CONFIRMED,9.61375316,4.654,797.9,3.27,5997.0,1.11,931.0
1098,8613535,K02263.01,Kepler-1165 c,CONFIRMED,29.9685917,6.678,309.5,1.91,6249.0,1.076,644.0
1099,12256520,K02264.01,Kepler-1166 b,CONFIRMED,33.2407985,4.675,341.9,1.51,5382.0,0.827,486.0
1100,5629538,K02345.01,Kepler-1201 b,CONFIRMED,15.18727049,4.509,292.5,1.94,6136.0,1.005,789.0
1101,8561231,K02346.01,Kepler-1202 b,CONFIRMED,28.6853212,6.307,689.1,2.69,5726.0,0.838,547.0
1102,8235924,K02347.01,Kepler-1203 b,CONFIRMED,0.588001053,1.1451,297.4,0.99,3814.0,0.57,1188.0
1103,6941084,K02348.01,Kepler-1204 b,CONFIRMED,85.7357202,7.625,747.7,2.94,6096.0,1.077,448.0
1104,6200235,K02350.01,Kepler-1205 b,CONFIRMED,1.078389713,1.3394,300.5,1.98,5325.0,0.985,1667.0
1105,11460462,K02110.01,Kepler-1104 b,CONFIRMED,5.03728033,2.0619,76.3,1.55,6387.0,1.381,1321.0
1106,8612275,K02111.01,Kepler-360 b,CONFIRMED,3.289726319,2.3274,234.9,1.37,5463.0,0.91,1116.0
1107,8612275,K02111.02,Kepler-360 c,CONFIRMED,7.18644594,1.4972,402.0,2.19,5463.0,0.91,860.0
1108,7207061,K02113.01,Kepler-417 c,CONFIRMED,15.94248453,3.4894,1093.7,2.62,5376.0,0.806,616.0
1109,4545187,K00223.02,Kepler-121 c,CONFIRMED,41.0081117,4.376,1004.5,2.64,5303.0,0.708,425.0
1110,7286911,K02180.01,Kepler-1133 b,CONFIRMED,11.55562042,1.6758,441.5,2.11,5420.0,0.85,703.0
1111,8591173,K02181.01,Kepler-1804 b,CONFIRMED,12.2885046,2.807,342.1,3.22,5109.0,1.671,913.0
1112,6962109,K02182.01,Kepler-1134 b,CONFIRMED,17.13263125,3.0555,850.2,2.31,5477.0,0.794,611.0
1113,5706595,K02183.01,Kepler-370 c,CONFIRMED,19.0231361,3.431,401.6,2.04,5569.0,0.954,647.0
1114,5706595,K02183.02,Kepler-370 b,CONFIRMED,4.57948235,3.106,207.1,1.35,5569.0,0.954,1040.0
1115,10489345,K02266.01,Kepler-1167 b,CONFIRMED,1.003931703,1.4361,491.1,1.6,4949.0,0.741,1419.0
1116,10329469,K02271.01,Kepler-1168 b,CONFIRMED,55.8224775,5.457,879.6,2.13,5162.0,0.736,379.0
1117,9717943,K02273.01,Kepler-1169 b,CONFIRMED,6.11010439,2.314,59.7,0.93,6213.0,1.195,1125.0
1118,8026752,K00240.01,Kepler-502 b,CONFIRMED,4.286866229,4.4726,1321.9,4.14,6228.0,1.049,1217.0
1119,1872821,K02351.01,Kepler-1828 b,CONFIRMED,10.27380957,3.252,352.8,1.68,5806.0,0.899,799.0
1120,8013439,K02352.01,Kepler-381 c,CONFIRMED,13.39155154,3.391,48.9,1.58,6197.0,2.188,1180.0
1121,8013439,K02352.02,Kepler-381 b,CONFIRMED,5.62904396,3.7295,39.5,1.39,6197.0,2.188,1576.0
1122,8013439,K02352.03,Kepler-381 d,CONFIRMED,8.2562857,2.0378,37.3,1.49,6197.0,2.188,1387.0
1123,7207061,K02113.02,Kepler-417 b,CONFIRMED,12.33087921,3.0664,872.2,2.34,5376.0,0.806,671.0
1124,6921944,K02114.01,Kepler-1105 b,CONFIRMED,4.421566535,2.1229,684.0,2.19,4299.0,0.697,729.0
1125,9532052,K02115.01,Kepler-67 b,CONFIRMED,15.72585941,3.8284,1313.1,2.69,5332.0,0.755,602.0
1126,8164012,K02116.01,Kepler-1106 b,CONFIRMED,1.252753881,2.1472,200.0,2.44,5907.0,1.705,2199.0
1127,4140813,K02117.01,Kepler-1795 b,CONFIRMED,13.36019864,2.788,699.9,1.84,4500.0,0.688,520.0
1128,8611781,K02185.01,Kepler-1135 b,CONFIRMED,76.957056,9.551,367.1,2.09,5878.0,1.041,451.0
1129,5601258,K02191.01,Kepler-1805 b,CONFIRMED,8.84784273,2.0572,460.2,1.15,3867.0,0.552,479.0
1130,7960980,K02274.01,Kepler-1170 b,CONFIRMED,9.98970266,3.7,988.4,2.48,5265.0,0.81,705.0
1131,8107225,K00235.01,Kepler-499 b,CONFIRMED,5.63252508,2.1448,634.4,2.04,5216.0,0.804,844.0
1132,3458028,K02276.01,Kepler-1171 b,CONFIRMED,1.442592305,2.9698,166.0,2.67,7216.0,2.043,2700.0
1133,3342794,K02278.01,Kepler-376 c,CONFIRMED,14.17222858,2.6297,246.8,2.39,5845.0,1.314,873.0
1134,3342794,K02278.02,Kepler-376 b,CONFIRMED,4.92031063,4.046,81.0,1.18,5845.0,1.314,1242.0
1135,5716932,K02358.01,Kepler-1830 b,CONFIRMED,56.4931698,8.704,411.9,4.43,6160.0,2.046,681.0
1136,11288051,K00241.01,Kepler-124 c,CONFIRMED,13.82142084,3.985,765.2,2.2,4983.0,0.651,560.0
1137,11566256,K02361.01,Kepler-1831 b,CONFIRMED,5.78387049,1.3966,413.3,2.07,6063.0,1.012,1051.0
1138,8495415,K02362.02,Kepler-1208 b,CONFIRMED,11.08507658,1.751,771.8,2.5,5080.0,0.793,665.0
1139,4055304,K02119.01,Kepler-1107 b,CONFIRMED,0.571038347,1.1267,242.1,1.65,5132.0,0.886,1897.0
1140,4857213,K02120.01,Kepler-1680 b,CONFIRMED,8.77425786,2.2245,239.6,1.75,5146.0,0.905,771.0
1141,9415108,K02121.01,Kepler-1108 b,CONFIRMED,4.51005082,2.1533,294.8,1.74,5362.0,1.032,1063.0
1142,4262581,K02122.01,Kepler-1109 b,CONFIRMED,37.6468519,6.344,427.4,5.37,5443.0,2.652,787.0
1143,8591693,K02123.01,Kepler-1796 b,CONFIRMED,29.4557841,3.451,533.8,2.19,6036.0,0.949,598.0
1144,4833421,K00232.01,Kepler-122 c,CONFIRMED,12.466004437,5.0066,2232.1,5.65,6038.0,1.191,897.0
1145,8282651,K02193.01,Kepler-1136 b,CONFIRMED,2.361724472,1.2167,587.0,1.53,4478.0,0.651,922.0
1146,3548044,K02194.01,Kepler-371 b,CONFIRMED,34.7630543,4.309,293.7,1.75,5670.0,0.95,554.0
1147,11401767,K02195.01,Kepler-372 c,CONFIRMED,20.0545282,7.173,305.4,2.63,6056.0,1.209,755.0
1148,10909127,K02200.01,Kepler-1138 b,CONFIRMED,3.17059731,1.6686,325.4,1.69,5431.0,0.843,1080.0
1149,3661886,K02279.01,Kepler-377 c,CONFIRMED,27.0142622,5.385,287.6,2.0,5949.0,1.184,677.0
1150,3661886,K02279.02,Kepler-377 b,CONFIRMED,12.50945798,3.479,155.3,1.54,5949.0,1.184,875.0
1151,2439243,K02280.01,Kepler-1172 b,CONFIRMED,26.0203329,4.965,1164.4,4.53,5624.0,1.244,675.0
1152,9221517,K02281.01,Kepler-1173 b,CONFIRMED,0.769854899,1.0243,109.6,0.93,5173.0,0.822,1650.0
1153,6751874,K02282.01,Kepler-1174 b,CONFIRMED,6.89226333,2.4921,214.4,2.13,5862.0,1.463,1156.0
1154,10863608,K02368.01,Kepler-1210 b,CONFIRMED,8.07127043,2.393,318.2,1.53,5766.0,0.853,856.0
1155,5602588,K02369.01,Kepler-1211 b,CONFIRMED,11.01819178,4.635,545.7,2.64,6075.0,0.969,840.0
1156,11288051,K00241.02,Kepler-124 d,CONFIRMED,30.9505927,5.394,301.4,1.51,4983.0,0.651,428.0
1157,9405595,K02125.01,Kepler-1797 b,CONFIRMED,23.3593589,5.389,570.1,2.98,6244.0,1.009,684.0
1158,3546060,K02126.01,Kepler-1110 b,CONFIRMED,9.69310837,2.734,1130.7,2.12,4818.0,0.618,609.0
1159,4144576,K02202.01,Kepler-1139 b,CONFIRMED,0.813166357,1.4122,173.5,1.14,5237.0,0.887,1693.0
1160,8494542,K02204.01,Kepler-1807 b,CONFIRMED,10.86062378,2.2874,189.6,2.09,6455.0,1.496,1108.0
1161,9992325,K02205.01,Kepler-1140 b,CONFIRMED,24.08632177,2.236,1041.7,2.78,4973.0,0.768,500.0
1162,9945370,K02285.01,Kepler-1175 b,CONFIRMED,37.9456138,4.093,1032.9,2.79,5861.0,0.865,515.0
1163,8973129,K02286.01,Kepler-1176 b,CONFIRMED,24.1738244,3.056,532.6,2.21,5468.0,0.968,595.0
1164,12505654,K02353.01,Kepler-1829 b,CONFIRMED,5.186737262,0.8023,712.7,2.4,5230.0,0.777,860.0
1165,11670125,K02355.01,Kepler-1206 b,CONFIRMED,1.217000383,1.3285,459.8,1.58,4859.0,0.757,1314.0
1166,11461844,K02356.01,Kepler-1207 b,CONFIRMED,13.6823798,4.153,179.6,1.43,6102.0,1.026,802.0
1167,9351920,K02129.01,Kepler-1111 b,CONFIRMED,8.79618433,3.3781,286.3,1.77,6142.0,1.046,938.0
1168,2161536,K02130.01,Kepler-1798 b,CONFIRMED,16.85592593,2.309,871.5,1.7,3967.0,0.587,408.0
1169,10549023,K02131.01,Kepler-1112 b,CONFIRMED,14.36270451,4.564,349.4,2.31,6643.0,1.216,918.0
1170,9661979,K02132.01,Kepler-1681 b,CONFIRMED,69.8956789,5.276,548.4,3.04,5390.0,1.104,442.0
1171,8219268,K02133.01,Kepler-91 b,CONFIRMED,6.24667547,11.261,396.8,14.93,4604.0,6.221,1902.0
1172,10531955,K02208.01,Kepler-1141 b,CONFIRMED,2.344512589,1.4116,58.9,0.97,5821.0,1.132,1471.0
1173,4833421,K00232.02,Kepler-122 b,CONFIRMED,5.766165573,3.8314,364.8,2.27,6038.0,1.191,1159.0
1174,8168187,K02209.01,Kepler-1142 b,CONFIRMED,18.3027235,8.262,186.7,2.72,5528.0,1.839,902.0
1175,4142847,K02210.01,Kepler-1143 b,CONFIRMED,2.888904439,1.6043,402.2,1.68,4895.0,0.759,976.0
1176,10203349,K02212.01,Kepler-1144 b,CONFIRMED,17.14648756,4.2354,440.3,3.64,5559.0,1.412,811.0
1177,9718066,K02287.01,Kepler-378 b,CONFIRMED,16.09227518,2.1072,128.5,0.98,4657.0,0.67,503.0
1178,3867615,K02289.01,Kepler-379 c,CONFIRMED,62.7843981,4.81,325.0,2.28,6053.0,1.26,530.0
1179,12121570,K02290.01,Kepler-1816 b,CONFIRMED,91.500873,4.842,704.8,1.82,5051.0,0.706,310.0
1180,8410415,K02291.01,Kepler-1817 b,CONFIRMED,44.2993483,4.298,797.9,2.68,5316.0,0.915,463.0
1181,7987866,K02363.01,Kepler-1832 b,CONFIRMED,3.13877646,1.6663,174.1,0.97,5242.0,0.722,1022.0
1182,11560897,K02365.01,Kepler-430 b,CONFIRMED,35.9682692,2.839,269.7,2.95,5883.0,1.529,674.0
1183,11342416,K02366.01,Kepler-1209 b,CONFIRMED,25.3690868,4.746,110.1,1.67,6126.0,1.406,755.0
1184,9086251,K02367.01,Kepler-1833 b,CONFIRMED,6.89213244,1.725,82.0,1.35,6164.0,1.446,1177.0
1185,4254466,K02134.01,Kepler-1113 b,CONFIRMED,42.3006282,4.372,507.9,2.54,5852.0,1.129,558.0
1186,9904006,K02135.01,Kepler-361 c,CONFIRMED,55.1866213,9.133,375.5,2.47,6178.0,1.267,568.0
1187,9364609,K02137.01,Kepler-1114 b,CONFIRMED,14.97436238,2.4461,265.4,1.28,5311.0,0.8,631.0
1188,7457296,K02213.01,Kepler-1145 b,CONFIRMED,3.97076603,1.814,349.2,1.6,5178.0,0.778,958.0
1189,10328458,K02214.01,Kepler-1146 b,CONFIRMED,2.352273912,1.7389,318.6,1.29,4816.0,0.748,1019.0
1190,4248120,K02216.01,Kepler-1808 b,CONFIRMED,23.34036251,2.054,615.1,2.21,5530.0,0.892,601.0
1191,8321314,K02293.01,Kepler-1683 b,CONFIRMED,15.03366411,3.272,374.9,1.7,5523.0,0.891,669.0
1192,11498128,K02296.01,Kepler-1177 b,CONFIRMED,106.247882,13.78,397.4,2.01,5679.0,0.972,377.0
1193,8041216,K00237.01,Kepler-500 b,CONFIRMED,8.508333104,3.4559,646.5,2.6,5767.0,1.03,909.0
1194,11824786,K02371.01,Kepler-1212 b,CONFIRMED,12.94123564,4.636,328.8,1.7,6119.0,0.938,795.0
1195,12254909,K02372.01,Kepler-1213 b,CONFIRMED,5.349791,4.279,88.8,1.29,6074.0,1.183,1156.0
1196,9364290,K02374.01,Kepler-382 b,CONFIRMED,5.26211833,3.244,194.5,1.95,5587.0,1.309,1166.0
1197,9364290,K02374.02,Kepler-382 c,CONFIRMED,12.1628195,2.3161,306.3,3.14,5587.0,1.309,882.0
1198,5022828,K02138.01,Kepler-1115 b,CONFIRMED,23.5541012,7.3,95.2,2.33,9565.0,2.286,1381.0
1199,8233702,K02140.01,Kepler-1116 b,CONFIRMED,41.6977582,5.513,684.8,2.26,5730.0,0.87,488.0
1200,11403339,K02143.01,Kepler-1117 b,CONFIRMED,4.79029482,2.7219,142.0,1.01,5412.0,0.843,938.0
1201,8260902,K02144.01,Kepler-1118 b,CONFIRMED,38.6715843,5.532,599.3,2.45,5432.0,0.913,502.0
1202,8381204,K02145.01,Kepler-1119 b,CONFIRMED,8.32651854,5.483,267.9,1.8,6057.0,1.0,938.0
1203,12058204,K02218.01,Kepler-373 b,CONFIRMED,5.53533152,2.793,260.6,1.75,5588.0,1.1,1054.0
1204,12058204,K02218.02,Kepler-373 c,CONFIRMED,16.7261969,2.708,194.9,1.56,5588.0,1.1,729.0
1205,4833421,K00232.03,Kepler-122 d,CONFIRMED,21.58752788,4.4968,336.8,2.18,6038.0,1.191,747.0
1206,5357545,K02219.01,Kepler-1809 b,CONFIRMED,3.757294695,0.9269,273.3,1.23,4901.0,0.716,877.0
1207,6871071,K02220.01,Kepler-374 c,CONFIRMED,3.2828024,3.2532,142.5,1.79,5640.0,1.515,1467.0
1208,5342473,K02297.01,Kepler-1818 b,CONFIRMED,4.64495172,3.366,147.4,1.38,6047.0,1.129,1209.0
1209,9963265,K02299.01,Kepler-1819 b,CONFIRMED,16.48686712,1.431,987.9,27.45,6090.0,1.071,760.0
1210,10583761,K02300.01,Kepler-1179 b,CONFIRMED,2.685054445,1.0473,252.7,1.46,5266.0,0.829,1137.0
1211,7542813,K02302.01,Kepler-1180 b,CONFIRMED,16.8600805,5.557,273.4,1.71,6205.0,0.973,765.0
1212,12058147,K02072.01,Kepler-1082 b,CONFIRMED,1.54320541,2.5779,91.2,1.23,5866.0,1.282,1827.0
1213,8164257,K02073.01,Kepler-357 d,CONFIRMED,49.5004725,5.772,965.2,2.49,4954.0,0.828,402.0
1214,8164257,K02073.02,Kepler-357 b,CONFIRMED,6.47539108,2.7048,530.6,1.92,4954.0,0.828,793.0
1215,8164257,K02073.03,Kepler-357 c,CONFIRMED,16.85825609,2.0728,759.6,2.51,4954.0,0.828,576.0
1216,6774537,K02146.01,Kepler-1120 b,CONFIRMED,2.949029106,2.0311,358.3,1.48,4983.0,0.807,1027.0
1217,10404582,K02147.01,Kepler-362 c,CONFIRMED,37.8658964,4.782,395.2,2.01,5757.0,1.017,543.0
1218,5959753,K00226.01,Kepler-496 b,CONFIRMED,8.30865307,3.2747,836.1,2.42,5022.0,0.849,747.0
1219,6021193,K02148.01,Kepler-363 d,CONFIRMED,11.93205399,6.205,178.5,1.83,5711.0,1.391,905.0
1220,6021193,K02148.02,Kepler-363 c,CONFIRMED,7.54235832,4.73,132.5,1.59,5711.0,1.391,1054.0
1221,6871071,K02220.02,Kepler-374 d,CONFIRMED,5.02818253,3.526,181.3,2.03,5640.0,1.515,1272.0
1222,6871071,K02220.03,Kepler-374 b,CONFIRMED,1.897828815,2.7114,132.4,1.73,5640.0,1.515,1761.0
1223,6287313,K02221.01,Kepler-1147 b,CONFIRMED,10.62788695,4.576,326.7,1.87,6082.0,1.014,872.0
1224,9278725,K02223.01,Kepler-1148 b,CONFIRMED,1.104462494,1.0458,469.1,1.6,5002.0,0.753,1397.0
1225,4458082,K02303.01,Kepler-1181 b,CONFIRMED,4.89336495,3.485,138.3,1.6,6688.0,1.347,1374.0
1226,8042453,K02304.01,Kepler-1182 b,CONFIRMED,11.17392077,3.307,324.8,1.64,5911.0,0.914,796.0
1227,10874215,K02305.01,Kepler-1820 b,CONFIRMED,31.0325991,3.476,737.4,2.64,5841.0,0.931,561.0
1228,3937519,K00221.02,Kepler-495 c,CONFIRMED,5.89661966,3.154,144.0,1.28,5392.0,1.087,1000.0
1229,8866137,K02074.01,Kepler-1083 b,CONFIRMED,33.4178173,4.645,1166.8,3.13,5136.0,0.744,448.0
1230,10857519,K02075.01,Kepler-1084 b,CONFIRMED,2.053341891,2.596,65.5,1.44,6084.0,1.358,1737.0
1231,9517393,K02076.01,Kepler-1085 c,CONFIRMED,56.7769831,6.864,884.3,3.21,6063.0,1.012,491.0
1232,9351316,K02078.01,Kepler-1086 b,CONFIRMED,18.78429232,3.1136,1009.5,2.14,4243.0,0.641,433.0
1233,6021193,K02148.03,Kepler-363 b,CONFIRMED,3.61460279,3.227,64.8,1.14,5711.0,1.391,1347.0
1234,10617017,K02149.01,Kepler-1121 b,CONFIRMED,13.15140223,5.439,97.8,1.87,6154.0,1.636,1008.0
1235,3229150,K02150.01,Kepler-1979 b,CONFIRMED,18.5084526,6.596,758.9,29.33,5942.0,0.938,683.0
1236,9641481,K02152.01,Kepler-1122 b,CONFIRMED,42.1918331,7.083,488.7,2.35,5520.0,1.08,526.0
1237,8892157,K02224.01,Kepler-1149 b,CONFIRMED,3.73090026,2.9095,191.2,1.48,5709.0,0.95,1128.0
1238,11569782,K02225.01,Kepler-1150 b,CONFIRMED,2.787874175,2.0348,197.4,2.33,4827.0,1.727,1432.0
1239,4833421,K00232.04,Kepler-122 e,CONFIRMED,37.9962369,6.7751,403.7,2.39,6038.0,1.191,618.0
1240,7219825,K00238.01,Kepler-123 b,CONFIRMED,17.23232894,4.5568,509.8,2.79,6086.0,1.216,817.0
1241,3749978,K02308.01,Kepler-1183 b,CONFIRMED,28.5057217,6.324,755.8,2.55,5712.0,0.87,555.0
1242,10010440,K02309.01,Kepler-1184 b,CONFIRMED,53.5991459,6.811,523.1,2.49,6319.0,1.032,529.0
1243,11718144,K02310.01,Kepler-1821 b,CONFIRMED,16.4581861,1.9637,435.8,1.82,5475.0,0.884,644.0
1244,9473078,K02079.01,Kepler-1087 b,CONFIRMED,0.693842661,1.6197,49.3,0.83,5457.0,1.196,2161.0
1245,10864531,K02080.01,Kepler-358 c,CONFIRMED,83.4887405,6.21,955.4,2.95,5910.0,0.94,411.0
1246,10864531,K02080.02,Kepler-358 b,CONFIRMED,34.0607677,2.471,818.9,2.96,5910.0,0.94,554.0
1247,9472000,K02082.01,Kepler-1790 b,CONFIRMED,31.5888979,3.438,360.6,2.59,5866.0,1.367,682.0
1248,10253547,K02153.01,Kepler-364 c,CONFIRMED,59.9809868,7.588,282.4,2.81,6103.0,1.383,568.0
1249,10253547,K02153.02,Kepler-364 b,CONFIRMED,25.7457957,7.073,140.3,1.73,6103.0,1.383,753.0
1250,12505076,K02154.01,Kepler-1799 b,CONFIRMED,11.92979348,6.152,709.3,2.43,5831.0,0.921,770.0
1251,12116380,K02155.01,Kepler-1123 b,CONFIRMED,4.3394569,2.3652,337.4,2.11,5330.0,1.013,1061.0
1252,2556650,K02156.01,Kepler-1124 b,CONFIRMED,2.852348262,0.7051,1402.9,1.66,3731.0,0.433,621.0
1253,10600955,K02227.01,Kepler-1151 b,CONFIRMED,65.6480892,5.746,588.7,3.93,5565.0,1.246,485.0
1254,4473226,K02229.01,Kepler-1682 b,CONFIRMED,14.83340944,3.927,783.0,2.54,5570.0,0.904,694.0
1255,2854181,K02232.01,Kepler-1810 b,CONFIRMED,101.1323475,4.366,1502.9,3.87,5492.0,1.016,380.0
1256,10132832,K02313.01,Kepler-1186 b,CONFIRMED,16.07673148,2.205,488.0,2.14,5957.0,0.971,724.0
1257,3219995,K02314.01,Kepler-1187 b,CONFIRMED,18.87058705,3.4701,588.0,2.67,6103.0,0.949,701.0
1258,6062929,K02315.01,Kepler-1822 b,CONFIRMED,22.1334224,2.049,654.6,1.76,5165.0,0.702,507.0
1259,7504778,K02316.01,Kepler-1188 b,CONFIRMED,17.1369408,6.416,362.1,2.05,6218.0,1.077,775.0
1260,7219825,K00238.02,Kepler-123 c,CONFIRMED,26.6951944,4.576,132.6,1.4,6086.0,1.216,706.0
1261,7097965,K02083.01,Kepler-1791 b,CONFIRMED,7.72085047,1.8264,267.0,2.53,5887.0,1.177,1021.0
1262,4249725,K00222.01,Kepler-120 b,CONFIRMED,6.312508525,2.7455,1286.0,2.0,4090.0,0.571,575.0
1263,3967326,K02084.01,Kepler-1792 b,CONFIRMED,4.19577385,2.1557,874.2,3.02,5229.0,1.005,1047.0
1264,6768394,K02086.01,Kepler-60 b,CONFIRMED,7.1329472,4.368,145.0,1.64,5862.0,1.307,1102.0
1265,6768394,K02086.02,Kepler-60 c,CONFIRMED,8.91901228,4.141,180.6,1.84,5862.0,1.307,1023.0
1266,5211199,K02158.01,Kepler-1800 b,CONFIRMED,4.5620407,2.8521,81.6,2.82,5343.0,2.506,1533.0
1267,5546761,K02160.01,Kepler-1125 b,CONFIRMED,17.6700291,6.693,348.4,2.89,5795.0,1.247,778.0
1268,9205938,K02162.01,Kepler-1126 b,CONFIRMED,108.593113,7.989,338.2,1.68,5678.0,0.921,374.0
1269,10723367,K02236.01,Kepler-375 c,CONFIRMED,19.9865916,4.391,648.0,4.22,5500.0,1.238,720.0
1270,10723367,K02236.02,Kepler-375 b,CONFIRMED,12.12580644,3.289,327.5,2.5,5500.0,1.238,851.0
1271,5005121,K02237.01,Kepler-1811 b,CONFIRMED,76.421501,7.218,578.4,2.81,5561.0,1.19,455.0
1272,4833421,K00232.05,Kepler-122 f,CONFIRMED,56.2590881,8.114,348.8,2.22,6038.0,1.191,543.0
1273,8229458,K02238.01,Kepler-1152 b,CONFIRMED,1.646801683,1.1966,284.2,0.86,3810.0,0.513,806.0
1274,10684670,K02317.01,Kepler-1189 b,CONFIRMED,3.78861833,2.808,143.4,1.23,5560.0,1.04,1158.0
1275,11495458,K02318.01,Kepler-1190 b,CONFIRMED,10.45839865,3.154,306.8,1.25,4641.0,0.747,609.0
1276,9003401,K02319.01,Kepler-1823 b,CONFIRMED,21.1033014,2.059,192.5,1.56,6000.0,1.126,718.0
1277,5978559,K02321.01,Kepler-1824 b,CONFIRMED,95.6114617,7.489,487.4,2.37,6002.0,1.081,421.0
1278,6768394,K02086.03,Kepler-60 d,CONFIRMED,11.8984948,3.015,130.9,1.69,5862.0,1.307,929.0
1279,6922710,K02087.01,Kepler-1088 b,CONFIRMED,23.1274171,4.901,157.3,1.44,5865.0,1.066,667.0
1280,11348997,K02090.01,Kepler-1089 b,CONFIRMED,5.132486123,1.4575,908.4,1.69,3879.0,0.578,584.0
1281,5705819,K02091.01,Kepler-1793 b,CONFIRMED,8.77997349,3.2201,755.7,2.12,5191.0,0.764,713.0
1282,6696580,K02092.01,Kepler-359 c,CONFIRMED,57.6896212,5.118,1626.6,5.14,6228.0,1.049,512.0
1283,11358389,K02163.01,Kepler-365 b,CONFIRMED,10.66489514,3.159,292.6,1.76,6014.0,1.021,865.0
1284,7204981,K02164.01,Kepler-1127 b,CONFIRMED,5.1233204,2.7466,286.2,1.65,5364.0,0.982,994.0
1285,3847907,K00229.01,Kepler-497 b,CONFIRMED,3.573202801,2.88,2975.0,5.81,5646.0,1.08,1210.0
1286,4370527,K02166.01,Kepler-1128 b,CONFIRMED,61.6174528,3.816,1350.7,3.36,5480.0,0.931,424.0
1287,6041734,K02167.01,Kepler-1129 b,CONFIRMED,24.3398202,3.891,777.3,5.09,5596.0,1.466,737.0
1288,5125347,K02241.01,Kepler-1812 b,CONFIRMED,7.16520428,1.705,433.8,2.31,6174.0,1.103,1034.0
1289,9336200,K02242.01,Kepler-1153 b,CONFIRMED,1.755843555,1.9425,386.0,1.94,5569.0,0.829,1343.0
1290,4770617,K02243.01,Kepler-1154 b,CONFIRMED,5.18560081,4.054,252.6,2.34,6172.0,1.471,1314.0
1291,4454934,K02245.01,Kepler-1155 b,CONFIRMED,33.4698571,4.749,370.7,2.45,5912.0,1.094,609.0
1292,9458343,K02246.01,Kepler-1156 b,CONFIRMED,11.89520436,3.433,184.3,1.33,5649.0,0.992,787.0
1293,7120108,K02325.01,Kepler-1825 b,CONFIRMED,1.025857984,0.8069,270.7,1.57,5123.0,0.847,1520.0
1294,10730703,K02327.01,Kepler-1191 b,CONFIRMED,5.60013327,2.6508,329.2,1.73,5288.0,0.978,952.0
1295,8007644,K02328.01,Kepler-1192 b,CONFIRMED,25.2034128,4.515,697.1,2.42,5831.0,0.921,600.0
1296,11192235,K02329.01,Kepler-1826 b,CONFIRMED,1.615357809,1.1435,499.6,1.37,3821.0,0.486,806.0
1297,6383785,K00239.01,Kepler-501 b,CONFIRMED,5.640676975,2.8354,1453.3,4.59,5794.0,1.216,1125.0
1298,6696580,K02092.02,Kepler-359 b,CONFIRMED,25.5638626,4.685,1124.9,4.0,6228.0,1.049,671.0
1299,4249725,K00222.02,Kepler-120 c,CONFIRMED,12.7945474,3.4197,816.7,1.6,4090.0,0.571,455.0
1300,8505920,K02094.01,Kepler-1090 c,CONFIRMED,42.4269647,5.907,632.4,3.44,5330.0,1.013,496.0
1301,7918992,K02095.01,Kepler-1091 b,CONFIRMED,1.434745129,1.862,200.7,1.5,5806.0,1.064,1664.0
1302,11308499,K02168.01,Kepler-366 b,CONFIRMED,3.28192056,2.917,191.0,1.6,5859.0,1.162,1326.0
1303,11308499,K02168.02,Kepler-366 c,CONFIRMED,12.51610549,4.853,263.0,1.87,5859.0,1.162,848.0
1304,9006186,K02169.01,Kepler-1130 b,CONFIRMED,5.45298742,2.1328,86.0,0.92,5450.0,0.842,904.0
1305,9006186,K02169.02,Kepler-1130 c,CONFIRMED,3.26662733,2.056,59.9,0.68,5450.0,0.842,1072.0
1306,7802719,K02247.01,Kepler-1157 b,CONFIRMED,4.45743267,2.3226,175.7,0.79,4487.0,0.612,732.0
1307,11030475,K02248.01,Kepler-1813 b,CONFIRMED,2.81814715,1.763,278.6,1.3,5167.0,0.787,1059.0
1308,12401863,K02331.01,Kepler-1193 b,CONFIRMED,2.832647249,2.306,114.7,1.37,5865.0,1.272,1453.0
1309,5534941,K02332.01,Kepler-1827 b,CONFIRMED,3.70063251,5.408,68.6,1.24,5423.0,1.404,1329.0
1310,11121752,K02333.01,Kepler-380 b,CONFIRMED,3.93083997,2.932,101.4,1.2,6038.0,1.191,1317.0
1311,11121752,K02333.02,Kepler-380 c,CONFIRMED,7.63008196,2.78,124.0,1.39,6038.0,1.191,1056.0
1312,2990873,K02335.01,Kepler-1194 b,CONFIRMED,16.22378479,2.5462,262.3,1.51,5547.0,0.925,676.0
1313,9307509,K02096.01,Kepler-1794 b,CONFIRMED,9.76293284,3.064,553.2,1.94,5052.0,0.816,703.0
1314,10158729,K02097.01,Kepler-1092 b,CONFIRMED,58.601926,5.522,396.4,2.06,6250.0,1.019,508.0
1315,6105462,K02098.01,Kepler-1093 b,CONFIRMED,25.0823402,6.423,244.6,2.26,6429.0,1.262,776.0
1316,3120355,K02099.01,Kepler-1094 b,CONFIRMED,78.0998908,8.422,656.9,3.37,5779.0,1.284,480.0
1317,6047072,K02100.01,Kepler-1095 b,CONFIRMED,4.27103727,2.2759,180.4,1.22,5984.0,0.906,1108.0
1318,9006186,K02169.03,Kepler-1130 d,CONFIRMED,4.27226421,2.113,48.9,0.64,5450.0,0.842,981.0
1319,11410904,K02171.01,Kepler-1131 b,CONFIRMED,3.53232429,2.765,224.2,1.43,5761.0,0.956,1159.0
1320,4173026,K02172.01,Kepler-1801 b,CONFIRMED,10.44087398,3.743,821.5,3.41,5738.0,0.981,829.0
1321,5350244,K02555.01,Kepler-1276 b,CONFIRMED,12.5722897,4.765,86.5,1.09,6084.0,1.169,886.0
1322,5374403,K02556.01,Kepler-1277 b,CONFIRMED,40.8366307,4.956,264.8,1.5,5529.0,0.925,496.0
1323,11752906,K00253.02,Kepler-2000 c,CONFIRMED,20.6180348,3.267,769.5,1.57,3757.0,0.576,359.0
1324,1995519,K02634.01,Kepler-1299 b,CONFIRMED,19.9401211,4.283,758.9,2.42,5623.0,0.763,588.0
1325,4914566,K02635.01,Kepler-1300 b,CONFIRMED,22.2420032,7.532,63.5,2.04,5979.0,2.164,954.0
1326,6198182,K02636.01,Kepler-1864 b,CONFIRMED,3.88148385,2.679,36.3,0.59,5854.0,0.979,1156.0
1327,10024051,K02409.01,Kepler-1228 b,CONFIRMED,0.577369336,1.0852,400.4,1.42,5255.0,0.716,1757.0
1328,4349452,K00244.01,Kepler-25 c,CONFIRMED,12.720370263,2.7306,1180.1,4.75,6267.0,1.258,934.0
1329,8073806,K02411.01,Kepler-1835 b,CONFIRMED,11.96407399,4.526,784.2,3.21,5903.0,0.961,808.0
1330,3234598,K02413.01,Kepler-383 b,CONFIRMED,12.90467523,3.28,412.4,1.49,4513.0,0.722,545.0
1331,10453588,K02484.01,Kepler-1253 b,CONFIRMED,68.8861017,5.925,143.9,1.47,5753.0,1.222,501.0
1332,11125613,K02485.01,Kepler-1254 b,CONFIRMED,9.99115241,2.657,391.7,1.68,4838.0,0.796,660.0
1333,7212184,K02487.01,Kepler-1255 b,CONFIRMED,36.292017,8.198,374.7,3.1,5843.0,1.615,694.0
1334,9757613,K00250.02,Kepler-26 c,CONFIRMED,17.25121397,2.0371,2054.8,2.64,3879.0,0.537,385.0
1335,6605493,K02559.01,Kepler-1686 b,CONFIRMED,9.30991834,3.455,114.5,1.21,5806.0,1.101,913.0
1336,7259298,K02561.01,Kepler-1278 b,CONFIRMED,3.23941775,2.569,77.4,0.77,6075.0,0.858,1213.0
1337,6211812,K02638.01,Kepler-1865 b,CONFIRMED,2.524017517,1.1968,303.0,1.5,5420.0,0.871,1203.0
1338,3234598,K02413.02,Kepler-383 c,CONFIRMED,31.2012202,4.077,360.1,1.47,4513.0,0.722,406.0
1339,8611832,K02414.01,Kepler-384 b,CONFIRMED,22.5968256,6.179,142.9,1.3,5610.0,1.104,670.0
1340,8611832,K02414.02,Kepler-384 c,CONFIRMED,45.3486381,4.858,162.9,1.61,5610.0,1.104,531.0
1341,5621586,K02415.01,Kepler-1836 b,CONFIRMED,5.25419589,2.9878,461.8,2.12,6123.0,0.987,1093.0
1342,9210387,K02416.01,Kepler-1837 b,CONFIRMED,5.90608902,2.409,340.7,1.77,5966.0,0.961,1012.0
1343,11852982,K00247.01,Kepler-1712 b,CONFIRMED,13.81504449,2.3244,1032.6,1.91,3732.0,0.509,391.0
1344,8559152,K02488.01,Kepler-1256 b,CONFIRMED,12.4128518,4.298,108.1,1.5,5945.0,1.346,933.0
1345,2718778,K02489.01,Kepler-1844 b,CONFIRMED,3.92453009,3.691,463.5,1.82,5776.0,0.849,1074.0
1346,3122913,K02490.01,Kepler-1845 b,CONFIRMED,11.60653061,2.194,771.7,1.88,4703.0,0.701,584.0
1347,9229657,K02491.01,Kepler-1257 b,CONFIRMED,2.66831274,2.4141,266.2,1.48,5806.0,0.899,1252.0
1348,5175024,K02563.01,Kepler-1279 b,CONFIRMED,23.4772553,6.735,141.4,1.34,6384.0,1.121,738.0
1349,9026749,K02564.01,Kepler-1280 b,CONFIRMED,66.5576728,10.532,214.2,4.96,5734.0,3.405,757.0
1350,5794240,K00254.01,Kepler-45 b,CONFIRMED,2.455240626,1.72722,36911.9,10.6,3793.0,0.568,730.0
1351,6933567,K02643.01,Kepler-1301 b,CONFIRMED,9.08233411,2.008,296.9,1.35,5354.0,0.788,734.0
1352,9654468,K02417.01,Kepler-1684 b,CONFIRMED,47.7052566,5.959,1161.5,2.89,4551.0,0.672,347.0
1353,4349452,K00244.02,Kepler-25 b,CONFIRMED,6.238535444,3.5255,401.6,2.53,6267.0,1.258,1185.0
1354,10027247,K02418.01,Kepler-1229 b,CONFIRMED,86.829519,7.464,751.0,1.68,3576.0,0.463,196.0
1355,6343170,K02419.01,Kepler-1230 b,CONFIRMED,9.95667035,3.534,586.8,3.41,6165.0,1.115,946.0
1356,7107802,K02420.01,Kepler-1231 b,CONFIRMED,10.41728722,4.125,210.4,1.64,5557.0,1.151,870.0
1357,11752632,K02492.01,Kepler-1258 b,CONFIRMED,0.984941669,1.9724,81.4,1.49,5825.0,1.662,2335.0
1358,10028535,K02493.01,Kepler-1259 b,CONFIRMED,0.663085361,1.1522,322.7,1.6,5172.0,0.767,1681.0
1359,7047207,K02494.01,Kepler-1260 b,CONFIRMED,19.1187425,6.805,217.5,2.33,5862.0,1.463,823.0
1360,9757613,K00250.03,Kepler-26 d,CONFIRMED,3.543919702,1.8717,507.0,1.21,3879.0,0.537,652.0
1361,11962284,K02647.01,Kepler-1302 b,CONFIRMED,8.83929462,1.719,316.2,1.94,5330.0,0.87,778.0
1362,6842682,K02649.01,Kepler-1303 b,CONFIRMED,7.56126152,2.851,180.6,1.2,5853.0,0.895,891.0
1363,8890150,K02650.01,Kepler-395 c,CONFIRMED,34.9897847,4.208,498.5,1.14,3765.0,0.521,292.0
1364,8890150,K02650.02,Kepler-395 b,CONFIRMED,7.05429483,1.716,359.3,1.0,3765.0,0.521,497.0
1365,11360805,K02422.01,Kepler-1232 b,CONFIRMED,26.7838935,4.584,365.3,1.59,5242.0,0.856,523.0
1366,9845898,K02423.01,Kepler-1233 b,CONFIRMED,45.126216,6.656,373.1,2.32,6499.0,1.169,604.0
1367,12453581,K02424.01,Kepler-1234 b,CONFIRMED,11.94019101,2.866,631.7,1.86,5073.0,0.748,625.0
1368,11179076,K02497.01,Kepler-1261 b,CONFIRMED,48.4313003,4.03,886.4,2.78,4891.0,0.805,396.0
1369,5364071,K00248.01,Kepler-49 b,CONFIRMED,7.203855862,2.5418,1765.9,2.25,3834.0,0.539,509.0
1370,5959719,K02498.01,Kepler-390 b,CONFIRMED,6.73808701,2.591,92.9,0.73,5168.0,0.769,786.0
1371,7021681,K00255.01,Kepler-505 b,CONFIRMED,27.52194772,4.047,2312.8,2.47,3780.0,0.511,314.0
1372,4346178,K02652.01,Kepler-1304 b,CONFIRMED,16.1289679,6.271,389.0,2.94,5392.0,1.087,715.0
1373,9664142,K02654.01,Kepler-1305 b,CONFIRMED,13.5631157,5.438,336.4,1.75,5853.0,0.895,733.0
1374,10018233,K02655.01,Kepler-1306 b,CONFIRMED,16.2959916,2.116,369.6,1.83,5495.0,0.961,678.0
1375,8081899,K02426.01,Kepler-1235 b,CONFIRMED,4.16056658,2.61,75.8,0.7,5481.0,0.815,985.0
1376,8478994,K00245.01,Kepler-37 d,CONFIRMED,39.79220077,4.466,610.4,1.9,5437.0,0.781,458.0
1377,8631504,K02503.01,Kepler-1846 b,CONFIRMED,14.8200596,3.902,184.9,0.96,4825.0,0.732,552.0
1378,8110767,K02504.01,Kepler-1685 b,CONFIRMED,20.49041,4.369,661.8,2.34,5681.0,0.923,625.0
1379,6767840,K02506.01,Kepler-1262 b,CONFIRMED,8.679037,2.864,301.6,1.79,6117.0,1.027,949.0
1380,8379705,K02507.01,Kepler-1847 b,CONFIRMED,11.1296971,2.942,371.0,1.93,6122.0,0.964,843.0
1381,9896018,K02579.01,Kepler-1859 b,CONFIRMED,2.7296036,2.721,145.6,1.53,5887.0,1.235,1455.0
1382,11037511,K02580.01,Kepler-1281 b,CONFIRMED,3.11604194,1.7763,345.2,1.59,5591.0,0.86,1123.0
1383,9757613,K00250.04,Kepler-26 e,CONFIRMED,46.82767725,1.9033,1537.7,2.13,3879.0,0.537,276.0
1384,11818872,K02581.01,Kepler-1860 b,CONFIRMED,12.7372371,3.358,100.8,0.87,5420.0,0.868,697.0
1385,11771430,K02582.01,Kepler-1861 b,CONFIRMED,40.0306267,4.815,214.5,2.01,5855.0,1.373,617.0
1386,5513012,K02668.01,Kepler-1310 b,CONFIRMED,0.679336747,1.2188,240.7,1.4,5440.0,0.913,1883.0
1387,11253827,K02672.01,Kepler-396 c,CONFIRMED,88.5122014,6.8214,2518.7,4.7,5593.0,0.945,390.0
1388,7047363,K02432.01,Kepler-1236 b,CONFIRMED,31.0572947,3.401,636.6,1.85,5395.0,0.734,480.0
1389,11968463,K02433.01,Kepler-385 c,CONFIRMED,15.1622287,7.332,479.8,3.12,6325.0,1.112,829.0
1390,11968463,K02433.02,Kepler-385 b,CONFIRMED,10.04378351,5.548,437.9,2.94,6325.0,1.112,951.0
1391,9880190,K02509.01,Kepler-1263 b,CONFIRMED,4.5513988,2.457,188.7,1.13,5009.0,0.84,907.0
1392,5364071,K00248.02,Kepler-49 c,CONFIRMED,10.91274065,2.1801,1387.2,2.13,3834.0,0.539,443.0
1393,10387742,K02583.01,Kepler-1998 b,CONFIRMED,3.03267135,1.774,42.4,0.6,5640.0,0.921,1187.0
1394,7673841,K02585.01,Kepler-392 b,CONFIRMED,5.34182466,3.577,70.5,0.95,5767.0,1.135,1125.0
1395,9827149,K02586.01,Kepler-1282 b,CONFIRMED,2.131945045,1.8061,269.4,1.66,5845.0,1.013,1418.0
1396,5546691,K02587.01,Kepler-1283 b,CONFIRMED,12.9462567,9.568,168.7,1.13,6058.0,0.867,764.0
1397,12156347,K02588.01,Kepler-1687 b,CONFIRMED,5.77957133,2.5213,396.6,1.5,4102.0,0.581,598.0
1398,8547429,K02658.01,Kepler-1866 b,CONFIRMED,11.6601667,5.882,181.0,2.08,5791.0,1.083,834.0
1399,9893318,K02660.01,Kepler-1307 b,CONFIRMED,18.0161227,4.016,499.5,2.39,6245.0,1.065,768.0
1400,8570333,K02436.01,Kepler-1237 b,CONFIRMED,84.5733346,5.762,891.6,2.59,5418.0,0.888,366.0
1401,8478994,K00245.02,Kepler-37 c,CONFIRMED,21.30181863,3.8763,87.3,0.72,5437.0,0.781,564.0
1402,5036705,K02437.01,Kepler-1238 b,CONFIRMED,4.14789051,3.829,137.6,1.93,6150.0,1.417,1389.0
1403,9653622,K02513.01,Kepler-2002 b,CONFIRMED,19.0054098,1.843,542.4,28.47,6347.0,1.036,758.0
1404,8947520,K02517.01,Kepler-1264 b,CONFIRMED,0.968527683,1.3672,114.6,1.21,5580.0,0.886,1677.0
1405,10468885,K02589.01,Kepler-1284 b,CONFIRMED,0.664074145,1.0925,212.6,1.19,5178.0,0.797,1703.0
1406,3861595,K00004.01,Kepler-1658 b,CONFIRMED,3.849371737,2.632,1298.6,12.94,6244.0,2.992,2034.0
1407,10489206,K00251.01,Kepler-125 b,CONFIRMED,4.164384505,1.8464,2338.0,2.54,3808.0,0.508,590.0
1408,3426367,K02662.01,Kepler-1308 b,CONFIRMED,2.10433534,1.1168,242.1,0.79,3605.0,0.433,662.0
1409,5562090,K02664.01,Kepler-1309 b,CONFIRMED,28.8431751,3.171,756.7,2.66,5151.0,0.785,491.0
1410,6867555,K02439.01,Kepler-1239 b,CONFIRMED,5.19103699,4.222,290.1,1.92,6321.0,1.125,1183.0
1411,5339567,K02440.01,Kepler-1240 b,CONFIRMED,4.86638504,2.296,143.8,1.32,5688.0,1.111,1121.0
1412,11080405,K02442.01,Kepler-386 c,CONFIRMED,25.1933989,4.62,481.2,1.95,5009.0,0.84,513.0
1413,10059645,K02520.01,Kepler-1265 b,CONFIRMED,6.49441464,2.344,357.3,1.75,4769.0,0.742,732.0
1414,5364071,K00248.03,Kepler-49 d,CONFIRMED,2.576571021,1.5997,852.8,1.57,3834.0,0.539,717.0
1415,7183745,K02521.01,Kepler-1266 b,CONFIRMED,28.4750006,4.718,763.8,2.64,4996.0,0.831,489.0
1416,8212002,K02593.01,Kepler-1285 b,CONFIRMED,14.7966306,5.613,56.1,0.98,6175.0,1.307,874.0
1417,8004903,K02594.01,Kepler-1286 b,CONFIRMED,11.25401871,4.759,433.4,2.42,5995.0,1.118,888.0
1418,8883329,K02595.01,Kepler-393 b,CONFIRMED,9.18244299,4.318,87.6,1.24,6194.0,1.314,1052.0
1419,8883329,K02595.02,Kepler-393 c,CONFIRMED,14.6134781,5.266,72.8,1.12,6194.0,1.314,901.0
1420,11253827,K02672.02,Kepler-396 b,CONFIRMED,42.9923284,4.726,1120.1,3.32,5593.0,0.945,496.0
1421,5514383,K00257.01,Kepler-506 b,CONFIRMED,6.88341278,2.0674,487.4,2.63,6139.0,1.193,1080.0
1422,8022489,K02674.01,Kepler-1311 d,CONFIRMED,197.5111484,11.106,2575.6,9.52,5616.0,1.674,391.0
1423,8022489,K02674.02,Kepler-1311 b,CONFIRMED,11.1726723,6.106,76.8,1.5,5616.0,1.674,1019.0
1424,8022489,K02674.03,Kepler-1311 c,CONFIRMED,2.53573284,3.989,68.0,1.36,5616.0,1.674,1671.0
1425,9209624,K02443.01,Kepler-387 b,CONFIRMED,6.79164656,3.343,102.6,1.01,5772.0,1.003,994.0
1426,9209624,K02443.02,Kepler-387 c,CONFIRMED,11.8376933,3.381,92.9,1.0,5772.0,1.003,826.0
1427,3354846,K02444.01,Kepler-1241 b,CONFIRMED,18.5525162,4.385,771.5,2.53,5569.0,0.829,612.0
1428,8478994,K00245.03,Kepler-37 b,CONFIRMED,13.3669309,3.733,12.2,0.27,5417.0,0.772,656.0
1429,7183745,K02521.02,Kepler-1266 c,CONFIRMED,4.86634094,1.885,366.7,1.94,4996.0,0.831,881.0
1430,9177629,K02522.01,Kepler-1848 b,CONFIRMED,5.60402307,1.0273,224.9,1.25,4847.0,0.737,774.0
1431,7778767,K02523.01,Kepler-1267 b,CONFIRMED,13.0313583,4.521,573.3,2.88,5514.0,1.071,774.0
1432,7515762,K02524.01,Kepler-1268 b,CONFIRMED,40.9905002,7.336,297.3,2.41,5842.0,1.41,627.0
1433,5942949,K02525.01,Kepler-1849 b,CONFIRMED,57.2932309,4.878,773.6,1.95,4806.0,0.729,355.0
1434,12120307,K02597.01,Kepler-394 b,CONFIRMED,8.00504749,3.32,187.5,1.52,6398.0,1.101,1035.0
1435,12120307,K02597.02,Kepler-394 c,CONFIRMED,12.13070414,3.843,211.2,1.61,6398.0,1.101,901.0
1436,12120307,K02597.03,Kepler-394 d,CONFIRMED,5.61357653,2.905,162.3,1.41,6398.0,1.101,1165.0
1437,11701407,K02376.01,Kepler-1214 b,CONFIRMED,18.8262877,2.344,795.8,2.34,5215.0,0.845,591.0
1438,11288051,K00241.03,Kepler-124 b,CONFIRMED,3.41045981,2.866,136.2,1.06,4983.0,0.651,892.0
1439,10813132,K02378.01,Kepler-1215 b,CONFIRMED,4.76702759,2.013,163.4,1.19,5629.0,0.937,1046.0
1440,5857540,K02448.01,Kepler-1242 b,CONFIRMED,13.62801048,3.5374,912.8,3.28,5052.0,0.855,639.0
1441,7289317,K02450.01,Kepler-1243 b,CONFIRMED,16.83203175,4.031,326.0,1.86,5518.0,1.008,690.0
1442,7879433,K02527.01,Kepler-1850 b,CONFIRMED,1.385787741,1.6449,85.4,0.55,4239.0,0.6,1008.0
1443,9205907,K02528.01,Kepler-1851 b,CONFIRMED,12.02295362,1.2667,778.6,3.28,5982.0,0.879,776.0
1444,8463346,K02529.01,Kepler-436 c,CONFIRMED,16.79716262,3.83,1023.8,2.75,4652.0,0.697,503.0
1445,5364071,K00248.04,Kepler-49 e,CONFIRMED,18.59611518,2.3052,813.8,1.53,3834.0,0.539,371.0
1446,10489206,K00251.02,Kepler-125 c,CONFIRMED,5.77440326,1.768,245.3,0.8,3808.0,0.508,529.0
1447,10068659,K02602.01,Kepler-1287 b,CONFIRMED,11.47685263,2.756,240.6,1.58,5550.0,1.032,796.0
1448,9395024,K02383.01,Kepler-1216 b,CONFIRMED,4.37033233,2.845,177.8,1.56,5657.0,1.182,1191.0
1449,9753154,K02457.01,Kepler-1244 b,CONFIRMED,3.70429015,3.37,55.7,1.45,6732.0,1.927,1839.0
1450,9011825,K02530.01,Kepler-1269 b,CONFIRMED,37.3331165,7.643,187.8,2.5,5623.0,1.588,657.0
1451,5174858,K02532.01,Kepler-1852 b,CONFIRMED,7.9709719,1.2893,488.4,2.27,5237.0,0.826,760.0
1452,11074835,K02533.01,Kepler-1270 b,CONFIRMED,6.03355539,10.049,89.5,3.34,4924.0,3.588,1598.0
1453,1996180,K02534.01,Kepler-1271 b,CONFIRMED,3.02558494,3.0008,128.3,1.62,6123.0,1.263,1484.0
1454,6269070,K02608.01,Kepler-1288 b,CONFIRMED,2.7612237,3.681,66.8,1.84,6381.0,2.232,2017.0
1455,12254378,K02387.01,Kepler-1217 b,CONFIRMED,2.032319072,1.6762,315.5,1.87,6156.0,1.05,1542.0
1456,7604328,K02458.01,Kepler-1245 b,CONFIRMED,4.35407371,2.427,277.1,1.63,5455.0,0.909,1043.0
1457,11236244,K02460.01,Kepler-1246 b,CONFIRMED,11.32269749,3.517,311.0,1.51,4563.0,0.642,554.0
1458,9837685,K02461.01,Kepler-1247 b,CONFIRMED,13.71218522,2.437,786.7,2.47,5550.0,0.831,676.0
1459,5042210,K02462.01,Kepler-1838 b,CONFIRMED,12.14684625,6.197,70.7,1.75,5877.0,1.963,1097.0
1460,12454461,K02463.01,Kepler-1248 b,CONFIRMED,7.46718958,3.633,75.7,1.04,6161.0,1.169,1035.0
1461,9635606,K02535.01,Kepler-1853 b,CONFIRMED,48.8882668,6.468,462.8,2.96,4821.0,0.788,386.0
1462,3728701,K02536.01,Kepler-1272 b,CONFIRMED,51.1319346,6.019,382.3,2.43,6071.0,1.107,542.0
1463,1849702,K02538.01,Kepler-1854 b,CONFIRMED,39.8312536,2.442,388.8,1.46,5026.0,0.759,420.0
1464,9390653,K00249.01,Kepler-504 b,CONFIRMED,9.549277089,1.5832,1826.9,1.57,3547.0,0.369,374.0
1465,11187837,K00252.01,Kepler-1663 b,CONFIRMED,17.60461401,3.716,2292.1,2.64,3744.0,0.516,362.0
1466,8025596,K02615.01,Kepler-1290 b,CONFIRMED,4.69505576,3.058,240.0,1.49,5999.0,0.959,1098.0
1467,8494617,K02389.01,Kepler-1218 b,CONFIRMED,22.9221181,8.2,140.3,1.33,5897.0,1.081,684.0
1468,10289119,K02390.01,Kepler-1219 b,CONFIRMED,16.10474503,5.712,124.1,3.21,5822.0,2.886,1159.0
1469,7382313,K02392.01,Kepler-1220 b,CONFIRMED,7.42697378,3.206,205.2,1.4,5573.0,0.982,899.0
1470,8544992,K02466.01,Kepler-388 b,CONFIRMED,3.17323012,1.9094,204.5,0.88,4500.0,0.633,830.0
1471,8544992,K02466.02,Kepler-388 c,CONFIRMED,13.2970695,3.283,219.7,0.91,4500.0,0.633,515.0
1472,11295426,K00246.01,Kepler-68 b,CONFIRMED,5.398752862,3.4303,346.5,2.21,5790.0,1.198,1140.0
1473,12306058,K02541.01,Kepler-391 b,CONFIRMED,7.41683033,7.274,72.6,3.36,4938.0,3.324,1425.0
1474,6183511,K02542.01,Kepler-1855 b,CONFIRMED,0.727331746,0.8323,357.4,0.67,3460.0,0.356,849.0
1475,12469800,K02543.01,Kepler-1856 b,CONFIRMED,1.302017467,1.3692,290.5,1.37,4948.0,0.816,1344.0
1476,4915638,K02617.01,Kepler-1291 b,CONFIRMED,8.63050092,3.144,325.8,1.43,5352.0,0.764,739.0
1477,8081905,K02619.01,Kepler-1292 b,CONFIRMED,3.27645723,2.219,323.0,1.71,5812.0,0.963,1195.0
1478,11465950,K02620.01,Kepler-1862 b,CONFIRMED,16.0573291,3.546,575.0,2.27,5644.0,0.806,645.0
1479,4665571,K02393.01,Kepler-1834 b,CONFIRMED,4.60300256,2.6848,302.5,1.32,4821.0,0.788,848.0
1480,9269042,K02397.01,Kepler-1221 b,CONFIRMED,12.00089667,3.266,420.7,1.47,5195.0,0.69,632.0
1481,11461433,K02399.01,Kepler-1222 b,CONFIRMED,1.916940872,1.4243,105.1,0.89,5083.0,0.872,1246.0
1482,11818607,K02467.01,Kepler-1839 b,CONFIRMED,5.05661302,3.926,137.9,1.15,5926.0,0.939,1049.0
1483,8380709,K02468.01,Kepler-1249 b,CONFIRMED,24.3344939,6.557,323.1,1.74,6091.0,0.967,647.0
1484,6149910,K02469.01,Kepler-1840 b,CONFIRMED,131.187921,6.905,915.9,2.34,4898.0,0.803,284.0
1485,5436013,K02471.01,Kepler-1841 b,CONFIRMED,25.8859397,4.548,217.1,1.66,5190.0,0.899,542.0
1486,8676148,K02544.01,Kepler-1273 b,CONFIRMED,28.6253502,4.551,652.7,2.38,5774.0,0.941,573.0
1487,9696358,K02545.01,Kepler-1274 b,CONFIRMED,6.98141327,6.527,38.0,1.42,6054.0,2.163,1384.0
1488,4484336,K02547.01,Kepler-1857 b,CONFIRMED,8.94337724,2.469,215.1,1.48,6074.0,1.005,946.0
1489,9757613,K00250.01,Kepler-26 b,CONFIRMED,12.282998287,2.7096,2794.7,2.83,3879.0,0.537,431.0
1490,11752906,K00253.01,Kepler-2000 b,CONFIRMED,6.383159135,1.7504,2313.2,2.73,3757.0,0.576,530.0
1491,10916600,K02623.01,Kepler-1293 b,CONFIRMED,5.57654782,3.673,53.6,0.92,6187.0,1.238,1183.0
1492,8429314,K02624.01,Kepler-1294 b,CONFIRMED,115.6863392,4.65,945.9,3.52,5800.0,1.149,401.0
1493,9153570,K02625.01,Kepler-1295 b,CONFIRMED,3.81371423,1.973,281.0,1.37,5547.0,0.82,1029.0
1494,11768142,K02626.01,Kepler-1652 b,CONFIRMED,38.0970717,4.307,913.3,1.58,3554.0,0.398,242.0
1495,8481129,K02402.01,Kepler-1223 b,CONFIRMED,16.3012727,3.974,259.5,1.54,4873.0,0.796,557.0
1496,2142522,K02403.01,Kepler-1224 b,CONFIRMED,13.32354078,3.873,116.6,1.32,6113.0,1.218,872.0
1497,9395719,K02472.01,Kepler-1250 b,CONFIRMED,2.607545159,1.3916,351.5,2.07,6147.0,1.096,1431.0
1498,8753896,K02473.01,Kepler-389 b,CONFIRMED,3.24417541,1.992,371.9,1.84,5094.0,0.87,1047.0
1499,11295426,K00246.02,Kepler-68 c,CONFIRMED,9.60505976,3.0063,55.0,0.91,5790.0,1.198,941.0
1500,8757824,K02552.01,Kepler-1275 b,CONFIRMED,3.65690909,2.064,107.4,1.32,6078.0,1.271,1368.0
1501,9832208,K02553.01,Kepler-1858 b,CONFIRMED,88.0712769,6.758,885.4,2.4,4939.0,0.819,330.0
1502,6124512,K02627.01,Kepler-1296 b,CONFIRMED,8.38395796,5.2,108.5,3.24,5405.0,2.605,1285.0
1503,10070468,K02628.01,Kepler-1297 b,CONFIRMED,1.68189051,2.992,83.2,1.27,5827.0,1.374,1790.0
1504,7584650,K02631.01,Kepler-1863 b,CONFIRMED,44.9977604,9.686,170.2,1.59,5871.0,0.983,508.0
1505,11337566,K02632.01,Kepler-1298 b,CONFIRMED,7.12815163,5.522,45.9,1.36,6311.0,1.994,1373.0
1506,5007345,K02406.01,Kepler-1225 b,CONFIRMED,7.01074295,2.1787,222.8,3.76,5814.0,2.476,1453.0
1507,12120484,K02407.01,Kepler-1226 b,CONFIRMED,17.2922631,7.042,203.1,2.13,5936.0,1.299,809.0
1508,6429812,K02408.01,Kepler-1227 b,CONFIRMED,94.289223,4.102,505.4,2.11,5632.0,0.904,369.0
1509,6846911,K02477.01,Kepler-1842 b,CONFIRMED,14.02634692,1.2808,403.6,2.66,5970.0,1.131,822.0
1510,5963582,K02479.01,Kepler-1843 b,CONFIRMED,25.5433704,8.567,138.6,2.11,5422.0,1.782,772.0
1511,11403389,K02482.01,Kepler-1251 b,CONFIRMED,45.0909201,4.605,436.3,2.44,5790.0,0.9,487.0
1512,9851662,K02483.01,Kepler-1252 b,CONFIRMED,15.0539886,4.422,221.5,1.44,5475.0,0.818,665.0
1513,8758204,K02841.01,Kepler-1881 b,CONFIRMED,159.388788,8.432,1033.0,2.73,5135.0,0.874,289.0
1514,8733898,K02842.01,Kepler-446 b,CONFIRMED,1.565412613,0.7572,2754.6,1.73,3464.0,0.328,648.0
1515,8733898,K02842.02,Kepler-446 d,CONFIRMED,5.14892346,0.9613,2355.0,1.72,3464.0,0.328,436.0
1516,10332213,K02919.01,Kepler-1885 b,CONFIRMED,2.522590567,1.406,210.2,25.82,5591.0,0.86,1205.0
1517,7090524,K02920.01,Kepler-1386 b,CONFIRMED,6.73968289,4.183,142.0,1.48,5511.0,1.176,1011.0
1518,11133306,K00276.01,Kepler-509 b,CONFIRMED,41.74598855,4.6125,421.8,2.4,5978.0,1.171,584.0
1519,5871985,K02703.01,Kepler-1318 b,CONFIRMED,213.258526,7.768,1992.3,2.72,4477.0,0.637,202.0
1520,8292840,K00260.02,Kepler-126 d,CONFIRMED,100.2830675,10.8636,351.2,2.51,6214.0,1.297,475.0
1521,9730163,K02704.01,Kepler-445 c,CONFIRMED,4.871223664,1.5916,6462.0,1.56,3157.0,0.18,341.0
1522,9730163,K02704.02,Kepler-445 b,CONFIRMED,2.984157711,1.2637,2598.0,0.92,3157.0,0.18,401.0
1523,11453592,K02705.01,Kepler-1319 b,CONFIRMED,2.8867624,0.9879,631.8,1.24,3483.0,0.389,557.0
1524,10591855,K02845.01,Kepler-1367 b,CONFIRMED,1.574090323,1.5796,224.9,0.93,4313.0,0.65,998.0
1525,7749773,K02848.01,Kepler-1882 b,CONFIRMED,13.7872627,5.747,75.1,1.55,5691.0,1.458,894.0
1526,9451706,K00271.03,Kepler-127 b,CONFIRMED,14.4359459,3.414,107.3,1.46,6075.0,1.352,884.0
1527,10064256,K02849.01,Kepler-1692 b,CONFIRMED,5.95958637,2.899,133.1,1.02,5452.0,0.9,897.0
1528,7609553,K02924.01,Kepler-1387 b,CONFIRMED,2.279523364,1.6202,126.8,0.87,5017.0,0.797,1123.0
1529,10122538,K02926.01,Kepler-1388 b,CONFIRMED,12.2854718,2.996,1617.1,2.21,3891.0,0.564,434.0
1530,10122538,K02926.02,Kepler-1388 c,CONFIRMED,5.53609368,2.2942,1223.3,2.2,3891.0,0.564,566.0
1531,5480640,K02707.01,Kepler-399 d,CONFIRMED,58.0337426,5.584,807.1,3.21,5467.0,1.152,486.0
1532,5480640,K02707.02,Kepler-399 b,CONFIRMED,14.4252635,3.754,221.2,1.68,5467.0,1.152,773.0
1533,5480640,K02707.03,Kepler-399 c,CONFIRMED,26.6757818,2.696,474.8,2.69,5467.0,1.152,630.0
1534,5175986,K02708.01,Kepler-1320 b,CONFIRMED,0.868386354,1.066,488.5,1.52,4792.0,0.704,1389.0
1535,9008737,K02768.01,Kepler-404 b,CONFIRMED,11.8288843,3.337,191.0,1.18,5653.0,0.857,730.0
1536,9008737,K02768.02,Kepler-404 c,CONFIRMED,14.7512034,1.25,261.1,1.63,5653.0,0.857,678.0
1537,6521045,K00041.02,Kepler-100 b,CONFIRMED,6.88707073,4.4679,68.7,1.3,5788.0,1.474,1155.0
1538,6697605,K02851.01,Kepler-1985 b,CONFIRMED,3.42064689,1.767,356.8,2.27,5370.0,0.966,1129.0
1539,6294819,K02852.01,Kepler-1368 b,CONFIRMED,0.675650404,1.8261,200.7,1.36,5966.0,0.961,2085.0
1540,11401755,K00277.01,Kepler-36 c,CONFIRMED,16.23191704,7.461,501.6,3.54,5919.0,1.585,926.0
1541,8292840,K00260.03,Kepler-126 c,CONFIRMED,21.86965714,5.5177,125.5,1.51,6214.0,1.297,790.0
1542,5272233,K02711.01,Kepler-400 b,CONFIRMED,9.02436414,3.011,214.6,1.62,5885.0,1.111,939.0
1543,5272233,K02711.02,Kepler-400 c,CONFIRMED,17.3408735,3.398,159.0,1.43,5885.0,1.111,755.0
1544,5688910,K02856.01,Kepler-1369 b,CONFIRMED,25.8730914,5.085,694.4,2.88,6036.0,1.093,667.0
1545,6345732,K02857.01,Kepler-1370 b,CONFIRMED,20.2642023,4.664,185.3,2.12,5937.0,1.291,770.0
1546,6345732,K02857.02,Kepler-1370 c,CONFIRMED,7.44136102,4.554,79.7,1.33,5937.0,1.291,1075.0
1547,8611257,K02931.01,Kepler-1389 b,CONFIRMED,99.2532336,7.208,538.0,2.17,5010.0,0.715,300.0
1548,10880507,K02936.01,Kepler-1390 b,CONFIRMED,6.4802138,3.27,142.0,1.26,5496.0,0.983,934.0
1549,12206313,K02714.01,Kepler-401 b,CONFIRMED,14.3832267,8.378,178.5,1.84,6115.0,1.291,889.0
1550,12206313,K02714.02,Kepler-401 c,CONFIRMED,47.3186631,10.465,263.4,2.1,6115.0,1.291,598.0
1551,9837661,K02715.01,Kepler-1321 b,CONFIRMED,11.12827427,2.6118,6057.0,4.04,3640.0,0.503,408.0
1552,7769819,K02778.01,Kepler-1342 b,CONFIRMED,2.21571296,1.8211,285.1,1.7,5417.0,0.901,1283.0
1553,11874577,K02779.01,Kepler-1875 b,CONFIRMED,34.4585495,7.434,431.0,1.88,6161.0,0.862,559.0
1554,12164564,K02780.01,Kepler-1343 b,CONFIRMED,3.35184041,1.9855,345.3,1.88,6198.0,1.005,1294.0
1555,10397751,K02859.01,Kepler-1371 b,CONFIRMED,3.4462125,2.101,83.5,0.7,5374.0,0.721,1015.0
1556,10397751,K02859.02,Kepler-1371 c,CONFIRMED,2.005414293,1.934,59.5,0.65,5374.0,0.721,1216.0
1557,9642292,K02946.01,Kepler-1392 b,CONFIRMED,15.1408916,4.359,476.8,1.93,5926.0,0.887,714.0
1558,6356692,K02948.01,Kepler-1888 b,CONFIRMED,11.39169531,5.0,51.0,1.02,5557.0,1.249,886.0
1559,4991208,K02951.01,Kepler-1393 b,CONFIRMED,2.44358543,1.852,59.1,0.67,5561.0,0.873,1249.0
1560,9837661,K02715.02,Kepler-1321 c,CONFIRMED,2.226496196,1.7073,1839.1,2.1,3640.0,0.503,697.0
1561,9837661,K02715.03,Kepler-1321 d,CONFIRMED,5.72084599,2.744,1316.0,1.78,3640.0,0.503,509.0
1562,9092504,K02716.01,Kepler-1322 b,CONFIRMED,0.962864171,1.6802,303.5,1.52,5704.0,0.804,1666.0
1563,5383248,K00261.01,Kepler-96 b,CONFIRMED,16.23847733,3.9699,646.7,2.76,5683.0,0.993,711.0
1564,9092504,K02716.02,Kepler-1322 c,CONFIRMED,6.46004728,1.979,394.2,1.8,5704.0,0.804,883.0
1565,10001368,K02785.01,Kepler-1344 b,CONFIRMED,4.76831033,3.2363,251.8,1.78,6237.0,1.116,1219.0
1566,9466429,K02786.01,Kepler-1345 b,CONFIRMED,44.616751,7.831,239.7,2.31,6763.0,1.424,693.0
1567,8885643,K02789.01,Kepler-1346 b,CONFIRMED,3.40165617,1.9617,155.9,1.34,6177.0,0.906,1236.0
1568,5652893,K02790.01,Kepler-1347 b,CONFIRMED,14.00948631,3.399,169.9,0.98,5153.0,0.767,617.0
1569,8681833,K02865.01,Kepler-1372 b,CONFIRMED,1.311558909,1.919,141.3,1.15,5926.0,0.963,1655.0
1570,4138951,K02866.01,Kepler-1373 b,CONFIRMED,1.291233083,1.855,66.0,0.89,6384.0,1.086,1887.0
1571,3102384,K00273.01,Kepler-454 b,CONFIRMED,10.573751447,1.7259,298.9,2.07,5720.0,1.08,844.0
1572,10471515,K02961.01,Kepler-1395 b,CONFIRMED,3.7847507,2.924,33.5,0.7,6017.0,1.206,1311.0
1573,8760040,K02963.01,Kepler-1396 b,CONFIRMED,18.2206024,5.109,201.8,1.78,5951.0,1.262,786.0
1574,10098844,K02964.01,Kepler-1397 b,CONFIRMED,47.4497134,10.675,206.4,1.61,6007.0,1.126,551.0
1575,9467404,K02717.01,Kepler-1323 b,CONFIRMED,0.929906166,1.743,108.7,1.48,6039.0,1.413,2291.0
1576,5184911,K02719.01,Kepler-1324 b,CONFIRMED,4.11585514,1.4858,425.8,1.93,4827.0,0.823,895.0
1577,6587105,K02721.01,Kepler-1325 b,CONFIRMED,33.878639,6.194,700.1,3.52,5533.0,1.072,564.0
1578,11662184,K02791.01,Kepler-1348 b,CONFIRMED,27.5722144,5.256,296.3,1.94,5912.0,1.09,636.0
1579,11127479,K02792.01,Kepler-1349 b,CONFIRMED,2.12821621,3.146,25.9,0.7,5952.0,1.377,1668.0
1580,8884274,K02868.01,Kepler-1374 b,CONFIRMED,10.65275054,2.684,740.7,2.2,5602.0,0.817,737.0
1581,7767162,K02869.01,Kepler-1375 b,CONFIRMED,3.30040818,4.462,98.8,1.43,6333.0,1.438,1543.0
1582,4385148,K02942.02,Kepler-1886 b,CONFIRMED,24.2758992,4.59,702.2,2.25,5745.0,0.837,580.0
1583,9838468,K02943.01,Kepler-1391 b,CONFIRMED,54.4099612,9.314,193.0,1.56,5746.0,1.133,513.0
1584,8617363,K02945.01,Kepler-1887 b,CONFIRMED,19.94752741,1.756,861.3,2.52,5749.0,0.864,625.0
1585,11401755,K00277.02,Kepler-36 b,CONFIRMED,13.84984567,7.2783,84.6,1.45,5919.0,1.585,977.0
1586,7673192,K02722.01,Kepler-402 c,CONFIRMED,6.12479773,3.466,129.3,1.51,6052.0,1.202,1140.0
1587,7673192,K02722.02,Kepler-402 e,CONFIRMED,11.24284815,4.241,136.0,1.44,6052.0,1.202,931.0
1588,7673192,K02722.03,Kepler-402 b,CONFIRMED,4.02877097,3.173,100.4,1.21,6052.0,1.202,1311.0
1589,7673192,K02722.04,Kepler-402 d,CONFIRMED,8.92114318,3.933,110.8,1.27,6052.0,1.202,1006.0
1590,11807274,K00262.01,Kepler-50 b,CONFIRMED,7.81285862,4.098,117.3,1.68,6237.0,1.543,1196.0
1591,7670943,K00269.01,Kepler-1713 b,CONFIRMED,18.01164974,6.7367,107.8,1.83,6477.0,1.459,900.0
1592,6697756,K02798.01,Kepler-1351 b,CONFIRMED,0.916142298,1.1555,98.5,0.6,4374.0,0.614,1212.0
1593,5905822,K02801.01,Kepler-1876 b,CONFIRMED,6.99205021,5.037,33.4,1.06,6057.0,1.467,1194.0
1594,10793172,K02871.01,Kepler-1693 b,CONFIRMED,12.0999065,3.558,165.5,1.39,5553.0,1.098,807.0
1595,10793172,K02871.02,Kepler-1693 c,CONFIRMED,5.36375016,2.94,114.3,1.15,5553.0,1.098,1059.0
1596,8801316,K02956.01,Kepler-1394 b,CONFIRMED,3.93766786,4.655,24.3,1.36,6277.0,2.741,1947.0
1597,12314973,K00279.01,Kepler-450 b,CONFIRMED,28.45489091,8.1593,1418.6,6.08,6206.0,1.573,769.0
1598,3346154,K02723.01,Kepler-1871 b,CONFIRMED,1.952711161,0.872,403.0,2.58,5741.0,0.946,1403.0
1599,5775129,K02802.01,Kepler-1691 b,CONFIRMED,3.84822189,2.013,203.9,1.72,5927.0,1.193,1283.0
1600,9898447,K02803.01,Kepler-1877 b,CONFIRMED,2.37752442,2.307,32.1,0.53,5615.0,0.936,1278.0
1601,11135308,K02805.01,Kepler-1352 b,CONFIRMED,1.877878538,2.39,47.5,0.78,6324.0,1.115,1701.0
1602,6521045,K00041.03,Kepler-100 d,CONFIRMED,35.3331932,5.966,99.7,1.55,5788.0,1.474,670.0
1603,8077137,K00274.01,Kepler-128 b,CONFIRMED,15.0896415,4.3349,77.8,1.42,6063.0,1.613,968.0
1604,7019524,K02877.01,Kepler-1376 b,CONFIRMED,5.30873978,3.018,127.5,1.08,5914.0,0.955,1042.0
1605,5106313,K02878.01,Kepler-1694 b,CONFIRMED,3.89524296,1.689,189.0,1.13,5018.0,0.838,956.0
1606,9825174,K02880.01,Kepler-1377 b,CONFIRMED,0.740926358,1.0163,195.5,1.22,5618.0,0.874,1873.0
1607,5980783,K02967.01,Kepler-1889 b,CONFIRMED,37.3033197,7.793,551.7,2.31,5646.0,0.817,493.0
1608,12008872,K02729.01,Kepler-1327 b,CONFIRMED,14.8877665,4.981,252.5,1.96,6143.0,1.116,831.0
1609,8415200,K02730.01,Kepler-1328 b,CONFIRMED,4.52158614,3.4702,106.2,1.31,5576.0,1.289,1214.0
1610,9886361,K02732.01,Kepler-403 b,CONFIRMED,7.03146295,5.922,85.4,1.38,6170.0,1.499,1194.0
1611,9886361,K02732.03,Kepler-403 c,CONFIRMED,54.2811949,5.517,147.8,2.07,6170.0,1.499,604.0
1612,6528464,K00270.01,Kepler-449 b,CONFIRMED,12.58229808,6.375,118.7,1.53,5587.0,1.423,917.0
1613,5209845,K02883.01,Kepler-1378 b,CONFIRMED,11.95401876,2.656,855.9,2.1,4359.0,0.659,525.0
1614,6129524,K02886.01,Kepler-1379 b,CONFIRMED,0.88184263,1.3117,249.9,1.24,5268.0,0.776,1564.0
1615,5794570,K02675.01,Kepler-1312 b,CONFIRMED,5.448321078,2.2213,529.4,2.17,5721.0,0.905,978.0
1616,5794570,K02675.02,Kepler-1312 c,CONFIRMED,1.116127169,1.3235,109.2,1.0,5721.0,0.905,1659.0
1617,6779260,K02678.01,Kepler-1313 b,CONFIRMED,3.833087643,1.51,461.4,2.25,5397.0,0.831,1012.0
1618,11807274,K00262.02,Kepler-50 c,CONFIRMED,9.37663713,2.1033,118.4,1.89,6237.0,1.543,1125.0
1619,5953297,K02733.01,Kepler-1688 b,CONFIRMED,5.62006198,2.751,190.1,1.45,4868.0,0.746,772.0
1620,7659389,K02734.01,Kepler-1872 b,CONFIRMED,3.8259005,1.8057,857.2,3.45,5223.0,0.885,1005.0
1621,9472074,K02735.01,Kepler-1873 b,CONFIRMED,0.558841234,0.7918,280.9,1.33,5151.0,0.792,1787.0
1622,10842192,K02736.01,Kepler-1329 b,CONFIRMED,9.33648141,2.5449,885.4,2.39,4442.0,0.648,577.0
1623,2442448,K02812.01,Kepler-1354 b,CONFIRMED,76.6139446,10.22,498.7,2.61,6173.0,1.03,466.0
1624,11283615,K02816.01,Kepler-1355 b,CONFIRMED,1.289590179,1.3541,286.0,1.38,5467.0,0.808,1448.0
1625,7605093,K02817.01,Kepler-1356 b,CONFIRMED,0.634003002,0.9207,316.9,1.35,5226.0,0.75,1714.0
1626,8077137,K00274.02,Kepler-128 c,CONFIRMED,22.8030252,4.768,62.9,1.29,6063.0,1.613,843.0
1627,7463685,K02890.01,Kepler-1884 b,CONFIRMED,8.98826122,4.96,160.8,1.39,5984.0,0.906,864.0
1628,6878240,K02681.01,Kepler-397 c,CONFIRMED,135.4978256,6.769,5038.1,6.01,5307.0,0.757,295.0
1629,6878240,K02681.02,Kepler-397 b,CONFIRMED,22.2508509,1.745,618.7,2.07,5307.0,0.757,539.0
1630,4831728,K02739.01,Kepler-1330 b,CONFIRMED,10.10773789,3.828,294.9,1.98,5480.0,1.174,879.0
1631,6528464,K00270.02,Kepler-449 c,CONFIRMED,33.67280658,8.2267,170.9,1.86,5587.0,1.423,661.0
1632,11963206,K02820.01,Kepler-1357 b,CONFIRMED,3.00912491,2.228,191.4,1.22,5713.0,0.893,1177.0
1633,8263545,K02822.01,Kepler-1878 b,CONFIRMED,4.44589508,2.3816,441.4,1.94,5918.0,0.865,1063.0
1634,6937402,K02894.01,Kepler-1380 b,CONFIRMED,10.3108232,5.617,204.0,1.27,5708.0,0.893,786.0
1635,7826659,K02686.01,Kepler-1868 b,CONFIRMED,211.032819,7.119,1953.4,3.43,4658.0,0.686,215.0
1636,7202957,K02687.01,Kepler-1869 c,CONFIRMED,1.716828304,2.068,59.5,0.74,5808.0,0.902,1455.0
1637,8095441,K02743.01,Kepler-1332 b,CONFIRMED,11.87457664,1.9797,220.7,1.32,5523.0,0.88,728.0
1638,5881813,K02744.01,Kepler-1333 b,CONFIRMED,109.6469948,6.568,899.7,4.85,5332.0,1.453,428.0
1639,12456601,K02745.01,Kepler-1334 b,CONFIRMED,15.64588656,3.959,572.1,2.18,5896.0,0.916,710.0
1640,7428736,K02827.01,Kepler-1358 b,CONFIRMED,7.06321927,2.411,207.2,1.21,5305.0,0.818,827.0
1641,11129258,K02898.01,Kepler-1381 b,CONFIRMED,25.384175,3.576,594.0,2.44,6137.0,0.994,649.0
1642,10586004,K00275.01,Kepler-129 b,CONFIRMED,15.79196594,7.2772,203.1,2.4,5758.0,1.704,910.0
1643,7202957,K02687.02,Kepler-1869 b,CONFIRMED,8.16733851,3.337,104.9,1.03,5808.0,0.902,865.0
1644,6521045,K00041.01,Kepler-100 c,CONFIRMED,12.81590421,6.3856,220.5,2.26,5788.0,1.474,939.0
1645,8892303,K02688.01,Kepler-1314 b,CONFIRMED,5.424749327,1.139,7680.0,5.15,4137.0,0.591,625.0
1646,5369827,K02690.01,Kepler-1870 b,CONFIRMED,3.606940379,1.0418,432.3,2.04,5508.0,0.84,1046.0
1647,6586746,K02747.01,Kepler-1335 b,CONFIRMED,6.26404774,2.39,378.7,1.55,5032.0,0.817,809.0
1648,9962455,K02748.01,Kepler-1336 b,CONFIRMED,23.1985852,9.821,224.7,2.61,5416.0,1.756,793.0
1649,9962455,K02748.02,Kepler-1336 c,CONFIRMED,5.77721259,2.462,134.3,2.17,5416.0,1.756,1260.0
1650,6436029,K02828.01,Kepler-1359 b,CONFIRMED,59.4969009,5.404,1262.1,2.92,4817.0,0.833,369.0
1651,6197215,K02829.01,Kepler-1879 b,CONFIRMED,10.61345333,0.9829,150.2,1.77,5865.0,1.388,987.0
1652,9451706,K00271.01,Kepler-127 d,CONFIRMED,48.6303805,7.0805,339.8,2.48,6075.0,1.352,590.0
1653,9244508,K02830.01,Kepler-1360 b,CONFIRMED,40.5289885,10.604,360.7,5.92,6443.0,3.086,933.0
1654,3969687,K02904.01,Kepler-1382 b,CONFIRMED,16.3583482,9.858,116.4,2.23,6133.0,1.765,959.0
1655,6716545,K02906.01,Kepler-1383 b,CONFIRMED,13.9093544,6.765,86.8,1.33,6052.0,1.424,928.0
1656,5185897,K02693.01,Kepler-398 b,CONFIRMED,4.081411554,2.3239,171.9,1.0,4498.0,0.635,755.0
1657,5185897,K02693.02,Kepler-398 c,CONFIRMED,11.41941928,3.3075,150.5,0.99,4498.0,0.635,536.0
1658,5185897,K02693.03,Kepler-398 d,CONFIRMED,6.83440674,2.2726,177.1,1.01,4498.0,0.635,636.0
1659,9881077,K02751.01,Kepler-1337 b,CONFIRMED,24.4004378,2.987,860.5,2.47,4583.0,0.674,437.0
1660,6265792,K02753.01,Kepler-1338 b,CONFIRMED,0.935115863,1.6172,64.8,1.05,5874.0,1.297,2124.0
1661,9995402,K02832.01,Kepler-1361 b,CONFIRMED,3.57551429,2.364,92.8,0.89,5213.0,0.917,1061.0
1662,5609593,K02834.01,Kepler-1362 b,CONFIRMED,136.205112,5.568,1209.3,2.35,4648.0,0.675,248.0
1663,5436338,K02835.01,Kepler-1880 b,CONFIRMED,6.30922043,1.3251,691.2,1.37,4380.0,0.53,606.0
1664,11414465,K02836.01,Kepler-1363 b,CONFIRMED,2.94194296,2.056,278.0,1.22,4901.0,0.758,988.0
1665,10586004,K00275.02,Kepler-129 c,CONFIRMED,82.2001239,10.627,233.9,2.57,5758.0,1.704,525.0
1666,4483138,K02910.01,Kepler-1384 b,CONFIRMED,15.3626052,3.736,468.3,1.8,5011.0,0.851,608.0
1667,9475552,K02694.01,Kepler-1315 b,CONFIRMED,0.843379985,1.4474,343.3,1.7,4818.0,0.856,1541.0
1668,9475552,K02694.02,Kepler-1315 c,CONFIRMED,6.56606941,1.8455,402.4,1.83,4818.0,0.856,777.0
1669,8292840,K00260.01,Kepler-126 b,CONFIRMED,10.49566303,4.7356,106.1,1.34,6214.0,1.297,1009.0
1670,10905911,K02754.01,Kepler-1339 b,CONFIRMED,1.34155642,1.6462,58.2,0.74,5779.0,0.97,1642.0
1671,3545135,K02755.01,Kepler-1689 b,CONFIRMED,8.48299282,2.505,69.1,0.8,5827.0,0.933,879.0
1672,6964929,K02756.01,Kepler-1340 b,CONFIRMED,0.665025941,1.7542,104.7,1.11,5884.0,1.07,2174.0
1673,6432345,K02757.01,Kepler-1690 b,CONFIRMED,234.635652,6.965,868.5,2.56,5422.0,0.885,267.0
1674,11565924,K02837.01,Kepler-1364 b,CONFIRMED,13.32191461,6.213,133.5,2.88,6995.0,2.274,1299.0
1675,6607357,K02838.01,Kepler-1365 b,CONFIRMED,7.69994466,4.432,70.9,0.92,5727.0,1.104,969.0
1676,6607357,K02838.02,Kepler-1365 c,CONFIRMED,4.77466043,3.804,54.3,0.81,5727.0,1.104,1137.0
1677,9451706,K00271.02,Kepler-127 c,CONFIRMED,29.39337161,7.0445,327.0,2.5,6075.0,1.352,698.0
1678,6186964,K02839.01,Kepler-1366 b,CONFIRMED,2.164570593,1.2862,525.1,1.27,3941.0,0.554,783.0
1679,9693006,K02913.01,Kepler-1385 b,CONFIRMED,2.88878583,2.977,40.9,0.84,5696.0,1.331,1423.0
1680,5128673,K02698.01,Kepler-1316 b,CONFIRMED,87.9724227,14.638,866.7,3.39,5837.0,1.159,446.0
1681,6690836,K02699.01,Kepler-1317 b,CONFIRMED,0.568874717,1.2177,378.4,1.49,5223.0,0.78,1796.0
1682,7877978,K02760.01,Kepler-1874 b,CONFIRMED,56.5732318,4.188,688.5,2.69,4701.0,0.775,356.0
1683,12024120,K00265.01,Kepler-507 b,CONFIRMED,3.568099612,3.2131,98.4,1.36,6007.0,1.334,1407.0
1684,8210018,K02762.01,Kepler-1341 b,CONFIRMED,132.9955503,7.436,1275.4,2.51,4523.0,0.659,241.0
1685,3642289,K00301.01,Kepler-135 b,CONFIRMED,6.002548291,4.1628,202.0,2.33,6204.0,1.36,1209.0
1686,3642289,K00301.02,Kepler-135 c,CONFIRMED,11.44865823,4.953,75.2,1.32,6204.0,1.36,975.0
1687,3662838,K00302.01,Kepler-516 b,CONFIRMED,24.85466504,9.182,776.2,7.61,6967.0,2.527,1095.0
1688,5966322,K00303.01,Kepler-517 b,CONFIRMED,60.92818866,6.3336,755.6,2.78,5638.0,1.023,467.0
1689,6029239,K00304.01,Kepler-518 b,CONFIRMED,8.512037736,2.1861,597.8,2.14,5767.0,0.881,839.0
1690,12404954,K00361.01,Kepler-537 b,CONFIRMED,3.247548814,2.5146,209.7,1.41,5703.0,0.975,1181.0
1691,9070666,K03008.01,Kepler-1408 b,CONFIRMED,2.99792926,4.398,45.4,1.12,5888.0,1.645,1616.0
1692,3642335,K03010.01,Kepler-1410 b,CONFIRMED,60.8660974,4.397,714.3,1.39,3808.0,0.522,244.0
1693,9020114,K03088.01,Kepler-1901 b,CONFIRMED,3.48412874,1.422,161.6,1.16,5696.0,0.921,1132.0
1694,6196457,K00285.01,Kepler-92 b,CONFIRMED,13.74883059,6.0968,425.9,3.63,5862.0,1.67,975.0
1695,6063220,K00305.01,Kepler-99 b,CONFIRMED,4.603575293,2.3499,440.4,1.51,4783.0,0.741,810.0
1696,6071903,K00306.01,Kepler-519 b,CONFIRMED,24.30784323,2.6054,677.1,2.14,5313.0,0.82,532.0
1697,6289257,K00307.01,Kepler-520 b,CONFIRMED,19.67409703,3.7535,204.9,1.78,6023.0,1.031,711.0
1698,10905239,K00046.01,Kepler-101 b,CONFIRMED,3.487688776,3.83661,1298.8,5.64,5576.0,1.593,1445.0
1699,11623629,K00365.01,Kepler-538 b,CONFIRMED,81.737872,6.6923,628.8,2.16,5559.0,0.873,385.0
1700,4815520,K00367.01,Kepler-1656 b,CONFIRMED,31.578651216,2.12791,2125.4,4.52,5733.0,0.99,570.0
1701,7175184,K00369.01,Kepler-144 b,CONFIRMED,5.88527364,1.9531,112.7,1.59,6070.0,1.431,1253.0
1702,7347246,K03014.01,Kepler-1411 b,CONFIRMED,86.1160885,6.058,875.2,3.11,6161.0,1.053,441.0
1703,11403530,K03015.01,Kepler-1412 b,CONFIRMED,3.61460332,3.227,43.9,0.9,5799.0,1.375,1397.0
1704,5088536,K00282.02,Kepler-130 b,CONFIRMED,8.45744892,3.2893,77.4,1.02,5903.0,1.137,982.0
1705,6609270,K03090.01,Kepler-1902 b,CONFIRMED,3.82223397,1.924,362.7,1.05,3729.0,0.514,601.0
1706,12406807,K03091.01,Kepler-1903 b,CONFIRMED,17.067644,6.026,262.4,1.62,6347.0,0.996,769.0
1707,5096590,K03093.01,Kepler-1424 b,CONFIRMED,29.6099055,7.433,120.1,1.74,5812.0,1.122,629.0
1708,9650989,K03095.01,Kepler-1905 b,CONFIRMED,3.42390809,1.773,153.1,1.25,5788.0,1.015,1212.0
1709,6289257,K00307.02,Kepler-520 c,CONFIRMED,5.21104597,3.3447,102.7,1.18,6023.0,1.031,1107.0
1710,6291837,K00308.01,Kepler-1715 b,CONFIRMED,35.5969684,6.691,684.5,3.72,6212.0,1.209,646.0
1711,7050989,K00312.01,Kepler-136 b,CONFIRMED,11.57890926,2.7207,243.4,2.06,6156.0,1.303,951.0
1712,7175184,K00369.02,Kepler-144 c,CONFIRMED,10.10463142,2.369,114.6,1.59,6070.0,1.431,1046.0
1713,8494142,K00370.01,Kepler-145 c,CONFIRMED,42.88247951,9.7471,408.9,3.61,6143.0,1.763,709.0
1714,11554435,K00063.01,Kepler-63 b,CONFIRMED,9.43414171,2.8112,3977.0,5.73,5578.0,0.886,791.0
1715,8494142,K00370.02,Kepler-145 b,CONFIRMED,22.95062278,4.4814,129.8,2.17,6143.0,1.763,873.0
1716,6471021,K00372.01,Kepler-539 b,CONFIRMED,125.6291479,9.108,7841.6,10.02,5819.0,1.111,388.0
1717,8709688,K03019.01,Kepler-1893 b,CONFIRMED,4.17939037,2.647,172.8,1.52,5633.0,1.162,1194.0
1718,11618601,K03022.01,Kepler-1894 b,CONFIRMED,2.76263737,1.821,185.0,1.25,5772.0,0.901,1231.0
1719,7582689,K03097.01,Kepler-431 d,CONFIRMED,11.9216035,5.009,43.2,0.87,6006.0,1.082,851.0
1720,7582689,K03097.02,Kepler-431 b,CONFIRMED,6.80257947,4.608,32.7,0.73,6006.0,1.082,1026.0
1721,7582689,K03097.03,Kepler-431 c,CONFIRMED,8.70312154,4.807,32.0,0.72,6006.0,1.082,945.0
1722,6196457,K00285.02,Kepler-92 c,CONFIRMED,26.723169,8.501,195.0,2.31,5862.0,1.67,781.0
1723,7050989,K00312.02,Kepler-136 c,CONFIRMED,16.39926461,3.4108,220.8,1.94,6156.0,1.303,847.0
1724,7419318,K00313.01,Kepler-137 c,CONFIRMED,18.73577127,3.0356,567.2,2.1,5188.0,0.795,568.0
1725,7419318,K00313.02,Kepler-137 b,CONFIRMED,8.43639829,3.2451,345.5,1.5,5188.0,0.795,742.0
1726,7603200,K00314.01,Kepler-138 c,CONFIRMED,13.78109471,2.3188,756.0,1.42,3846.0,0.503,402.0
1727,7603200,K00314.02,Kepler-138 d,CONFIRMED,23.08902241,1.7012,598.3,1.24,3846.0,0.503,338.0
1728,10905239,K00046.02,Kepler-101 c,CONFIRMED,6.02977241,3.961,54.6,1.18,5576.0,1.593,1204.0
1729,7364176,K00373.01,Kepler-1718 b,CONFIRMED,135.1879934,8.8191,663.4,2.32,5731.0,0.906,345.0
1730,8686097,K00374.01,Kepler-540 b,CONFIRMED,172.7046083,11.347,659.1,2.85,5851.0,1.116,355.0
1731,12356617,K00375.01,Kepler-1704 b,CONFIRMED,988.8811177,5.9504,5060.0,10.81,5755.0,1.549,223.0
1732,3323887,K00377.01,Kepler-9 b,CONFIRMED,19.270825843,4.1281,6660.5,7.74,5779.0,0.956,661.0
1733,11618601,K03022.02,Kepler-1894 c,CONFIRMED,5.05368985,2.514,171.5,1.21,5772.0,0.901,1007.0
1734,9716391,K03025.01,Kepler-1413 b,CONFIRMED,13.1829329,3.594,518.0,1.84,5382.0,0.827,661.0
1735,6929841,K03026.01,Kepler-1414 b,CONFIRMED,3.51575492,1.381,237.4,1.35,5094.0,0.901,1033.0
1736,5088536,K00282.03,Kepler-130 d,CONFIRMED,87.5177787,2.55,136.5,1.85,5903.0,1.137,451.0
1737,11508644,K03101.01,Kepler-1426 b,CONFIRMED,14.2563272,4.796,206.1,1.73,6140.0,1.027,797.0
1738,8895758,K03106.01,Kepler-1427 b,CONFIRMED,0.968980781,1.517,118.5,1.08,5866.0,1.0,1844.0
1739,7603200,K00314.03,Kepler-138 b,CONFIRMED,10.31282204,2.0138,137.6,0.59,3846.0,0.503,443.0
1740,7700622,K00315.01,Kepler-1716 b,CONFIRMED,35.58349688,3.9885,937.6,2.03,4894.0,0.684,408.0
1741,8008067,K00316.01,Kepler-139 b,CONFIRMED,15.77111067,5.0574,547.1,2.62,5620.0,1.143,752.0
1742,8008067,K00316.02,Kepler-139 c,CONFIRMED,157.0659976,8.1289,551.4,2.63,5620.0,1.143,350.0
1743,8008067,K00316.03,Kepler-139 d,CONFIRMED,7.305706326,1.4228,264.9,2.11,5620.0,1.143,972.0
1744,3323887,K00377.02,Kepler-9 c,CONFIRMED,38.90787517,4.5271,6159.1,7.98,5779.0,0.956,523.0
1745,3323887,K00377.03,Kepler-9 d,CONFIRMED,1.59295975,1.9313,248.3,1.48,5779.0,0.956,1517.0
1746,11137180,K03027.01,Kepler-1895 b,CONFIRMED,6.07032548,1.341,311.6,1.36,5076.0,0.763,789.0
1747,3756264,K03108.01,Kepler-1906 b,CONFIRMED,7.36272124,1.3287,429.3,1.86,5868.0,0.894,901.0
1748,11572193,K03109.01,Kepler-1428 b,CONFIRMED,10.6761592,4.594,151.0,1.79,6460.0,1.434,1049.0
1749,11285870,K03110.01,Kepler-1429 b,CONFIRMED,4.48494315,2.752,134.9,1.23,6217.0,1.051,1199.0
1750,6196457,K00285.03,Kepler-92 d,CONFIRMED,49.3567907,10.954,130.2,1.91,5862.0,1.67,637.0
1751,8121310,K00317.01,Kepler-521 b,CONFIRMED,22.20809549,7.3327,463.2,3.02,6336.0,1.403,803.0
1752,8156120,K00318.01,Kepler-522 b,CONFIRMED,38.5833679,12.391,1388.2,8.56,6273.0,1.927,761.0
1753,8753657,K00321.01,Kepler-406 b,CONFIRMED,2.426304127,2.6624,185.4,1.41,5678.0,0.97,1302.0
1754,3942670,K00392.01,Kepler-147 c,CONFIRMED,33.4160553,8.605,275.8,2.98,6007.0,1.42,689.0
1755,3942670,K00392.02,Kepler-147 b,CONFIRMED,12.6119685,6.372,76.5,1.33,6007.0,1.42,953.0
1756,10585738,K03032.01,Kepler-1415 b,CONFIRMED,0.636424848,0.947,217.9,1.31,5343.0,0.885,1846.0
1757,7676423,K03113.01,Kepler-1430 b,CONFIRMED,2.46050095,1.861,276.8,1.03,4811.0,0.634,969.0
1758,11714231,K03115.01,Kepler-1431 b,CONFIRMED,5.8660127,3.985,183.0,1.45,6020.0,1.04,1064.0
1759,11720424,K03116.01,Kepler-1432 b,CONFIRMED,23.9107056,4.996,294.0,1.91,6338.0,1.091,709.0
1760,8753657,K00321.02,Kepler-406 c,CONFIRMED,4.62334491,3.0189,62.0,0.77,5678.0,0.97,1050.0
1761,9139084,K00323.01,Kepler-523 b,CONFIRMED,5.83599485,2.062,553.3,1.92,5423.0,0.828,884.0
1762,3353050,K00384.01,Kepler-541 b,CONFIRMED,5.0800579,5.207,222.8,3.95,6049.0,2.52,1673.0
1763,3446746,K00385.01,Kepler-542 b,CONFIRMED,13.14496741,3.6399,300.8,1.59,5411.0,0.888,698.0
1764,5695396,K00283.01,Kepler-131 b,CONFIRMED,16.09196369,2.8943,415.8,2.13,5680.0,1.016,718.0
1765,8051946,K03038.01,Kepler-1416 b,CONFIRMED,1.4951513,3.43,52.0,1.44,5635.0,1.452,1870.0
1766,5445681,K03039.01,Kepler-1417 b,CONFIRMED,20.3504704,7.225,101.8,1.01,5952.0,1.002,695.0
1767,11499192,K03120.01,Kepler-1433 b,CONFIRMED,4.13592927,2.377,156.2,1.43,5886.0,1.152,1226.0
1768,12416661,K03122.01,Kepler-1434 b,CONFIRMED,8.05337912,5.382,38.3,1.28,6231.0,2.062,1320.0
1769,9881662,K00327.01,Kepler-140 b,CONFIRMED,3.254277742,2.9903,159.9,1.38,5945.0,1.089,1301.0
1770,9881662,K00327.02,Kepler-140 c,CONFIRMED,91.3514816,8.707,210.0,1.57,5945.0,1.089,428.0
1771,3656121,K00386.01,Kepler-146 b,CONFIRMED,31.1588249,5.1803,959.0,3.56,5951.0,1.155,639.0
1772,3656121,K00386.02,Kepler-146 c,CONFIRMED,76.7324556,6.243,685.7,3.08,5951.0,1.155,473.0
1773,3733628,K00387.01,Kepler-543 b,CONFIRMED,13.89963233,3.5791,1121.7,2.46,4538.0,0.663,521.0
1774,3831053,K00388.01,Kepler-1719 b,CONFIRMED,6.14955931,5.5694,333.7,3.26,5687.0,1.775,1287.0
1775,5092266,K03045.01,Kepler-1896 b,CONFIRMED,44.8702042,4.199,636.1,2.56,6122.0,0.996,536.0
1776,8751796,K03125.01,Kepler-1435 b,CONFIRMED,4.45342418,3.654,46.6,0.9,6256.0,1.269,1331.0
1777,9907129,K03127.01,Kepler-1436 b,CONFIRMED,9.705693,7.702,140.8,2.07,5808.0,1.385,1001.0
1778,9527334,K00049.01,Kepler-461 b,CONFIRMED,8.31377304,2.964,837.4,2.74,5900.0,0.951,886.0
1779,11361646,K00330.01,Kepler-524 b,CONFIRMED,7.97420583,5.3503,293.1,1.85,5973.0,1.081,974.0
1780,11361646,K00330.02,Kepler-524 c,CONFIRMED,1.88899036,3.486,59.0,0.83,5973.0,1.081,1574.0
1781,10285631,K00331.01,Kepler-525 b,CONFIRMED,18.68405716,6.9329,381.5,3.64,5548.0,1.614,832.0
1782,3964109,K00393.01,Kepler-544 b,CONFIRMED,21.41624083,7.081,314.5,2.09,6156.0,1.18,748.0
1783,3544595,K00069.01,Kepler-93 b,CONFIRMED,4.72674037,2.9267,273.1,1.56,5648.0,0.894,1028.0
1784,5695396,K00283.02,Kepler-131 c,CONFIRMED,25.5172744,4.735,66.8,0.83,5680.0,1.016,615.0
1785,9714550,K03048.01,Kepler-1695 b,CONFIRMED,4.73292061,1.746,151.6,0.97,5595.0,0.796,957.0
1786,6263593,K03049.01,Kepler-1418 b,CONFIRMED,22.4765952,3.437,481.4,1.21,4563.0,0.567,419.0
1787,10252275,K03130.01,Kepler-1907 c,CONFIRMED,14.8638496,2.705,220.6,2.9,5159.0,0.8,620.0
1788,10252275,K03130.02,Kepler-1907 b,CONFIRMED,5.65245733,2.062,121.0,1.05,5159.0,0.8,856.0
1789,11455181,K03131.01,Kepler-1437 b,CONFIRMED,10.9294815,5.893,196.9,1.21,5792.0,0.864,770.0
1790,10290666,K00332.01,Kepler-526 b,CONFIRMED,5.45849914,4.0448,255.9,1.91,5914.0,1.135,1099.0
1791,10337258,K00333.01,Kepler-527 b,CONFIRMED,13.28536452,6.283,377.6,4.03,6534.0,1.9,1157.0
1792,12314973,K00279.02,Kepler-450 c,CONFIRMED,15.4130812,6.6358,264.3,2.59,6206.0,1.573,944.0
1793,5450893,K02970.01,Kepler-1890 b,CONFIRMED,4.82051088,3.588,40.9,1.08,6046.0,1.396,1328.0
1794,8827575,K03052.02,Kepler-1992 b,CONFIRMED,15.6112238,3.873,113.5,0.91,5383.0,0.842,637.0
1795,2716801,K03053.01,Kepler-1419 b,CONFIRMED,42.5217006,5.723,685.6,2.45,5911.0,0.914,510.0
1796,7216284,K03056.01,Kepler-1420 b,CONFIRMED,6.69958851,2.831,253.7,1.24,5296.0,0.799,806.0
1797,6945786,K03136.01,Kepler-1909 b,CONFIRMED,2.39161966,1.906,189.2,0.93,4935.0,0.685,1031.0
1798,5978170,K03140.01,Kepler-1910 b,CONFIRMED,5.68879083,2.55,241.5,0.99,4234.0,0.639,645.0
1799,5440317,K03141.01,Kepler-1438 b,CONFIRMED,2.31941571,1.591,96.4,1.24,5624.0,1.248,1490.0
1800,10545066,K00337.01,Kepler-528 b,CONFIRMED,19.7830259,5.4898,373.2,2.1,5747.0,1.099,708.0
1801,10552611,K00338.01,Kepler-141 c,CONFIRMED,7.0106324,3.0688,327.3,1.5,4908.0,0.782,738.0
1802,10552611,K00338.02,Kepler-141 b,CONFIRMED,3.10762684,2.361,77.2,0.73,4908.0,0.782,968.0
1803,10587105,K00339.01,Kepler-529 b,CONFIRMED,1.980356674,2.4743,271.9,2.1,6078.0,1.189,1662.0
1804,10587105,K00339.02,Kepler-529 c,CONFIRMED,12.8344771,3.846,281.0,2.55,6078.0,1.189,891.0
1805,11090556,K02977.01,Kepler-1398 b,CONFIRMED,2.7881793,3.397,55.8,1.02,5758.0,1.385,1510.0
1806,11090556,K02977.02,Kepler-1398 c,CONFIRMED,4.13827684,3.449,63.8,1.13,5758.0,1.385,1324.0
1807,3234843,K03057.01,Kepler-405 c,CONFIRMED,29.72722,3.45,1010.2,3.02,5815.0,0.877,557.0
1808,6021275,K00284.01,Kepler-132 d,CONFIRMED,18.01019956,3.516,177.7,1.93,5931.0,1.101,758.0
1809,3234843,K03057.02,Kepler-405 b,CONFIRMED,10.61368712,3.498,559.8,2.06,5815.0,0.877,785.0
1810,5688790,K03144.01,Kepler-1439 b,CONFIRMED,8.07394097,2.455,1056.0,1.59,3675.0,0.398,420.0
1811,1717722,K03145.01,Kepler-1977 b,CONFIRMED,4.53702121,1.813,504.4,1.66,4805.0,0.688,798.0
1812,10908248,K03146.01,Kepler-1440 b,CONFIRMED,39.859505,7.987,155.5,1.62,5675.0,1.292,597.0
1813,10878263,K00341.01,Kepler-414 c,CONFIRMED,7.170710381,2.9225,863.3,2.73,5497.0,0.941,890.0
1814,10878263,K00341.02,Kepler-414 b,CONFIRMED,4.699652821,2.553,351.4,1.74,5497.0,0.941,1024.0
1815,10982872,K00343.01,Kepler-142 c,CONFIRMED,4.761705895,3.3061,497.1,2.75,5794.0,1.225,1201.0
1816,10982872,K00343.02,Kepler-142 b,CONFIRMED,2.024143568,2.5273,239.4,1.94,5794.0,1.225,1597.0
1817,4141376,K00280.01,Kepler-1655 b,CONFIRMED,11.87290814,2.5342,332.7,2.25,6147.0,1.04,863.0
1818,9468551,K02980.01,Kepler-1399 b,CONFIRMED,1.638652525,1.952,166.9,1.29,6119.0,0.981,1610.0
1819,9076971,K02981.01,Kepler-1400 b,CONFIRMED,9.06687613,3.381,367.2,1.9,5142.0,0.789,725.0
1820,8360640,K02982.01,Kepler-1891 b,CONFIRMED,4.0223109,0.853,227.8,1.37,5516.0,0.827,1017.0
1821,11019987,K03060.01,Kepler-1421 b,CONFIRMED,6.9131732,4.73,39.1,0.91,6296.0,1.444,1209.0
1822,4857058,K03061.01,Kepler-1983 b,CONFIRMED,7.32851947,1.211,277.8,2.33,5135.0,0.874,807.0
1823,10924562,K03063.01,Kepler-1422 b,CONFIRMED,18.6052046,6.829,242.5,1.94,6572.0,1.238,833.0
1824,7534267,K03147.01,Kepler-1441 b,CONFIRMED,39.4420781,7.029,172.4,2.51,5430.0,1.902,682.0
1825,9592705,K00288.01,Kepler-1714 b,CONFIRMED,10.27532513,6.3093,209.7,3.04,6150.0,2.086,1211.0
1826,10386922,K00289.01,Kepler-511 c,CONFIRMED,26.62941953,7.8709,492.8,3.13,5866.0,1.417,742.0
1827,10386922,K00289.02,Kepler-511 b,CONFIRMED,296.6375817,16.425,2763.1,7.56,5866.0,1.417,332.0
1828,10982872,K00343.03,Kepler-142 d,CONFIRMED,41.8085031,7.797,190.4,1.67,5794.0,1.225,582.0
1829,11015108,K00344.01,Kepler-530 b,CONFIRMED,39.30944096,5.77,1132.1,2.87,5607.0,0.863,488.0
1830,11074541,K00345.01,Kepler-531 b,CONFIRMED,29.88487723,4.5612,1275.7,2.81,4883.0,0.749,453.0
1831,11100383,K00346.01,Kepler-532 b,CONFIRMED,12.92489803,2.6811,959.0,2.62,5103.0,0.768,620.0
1832,6636320,K02989.01,Kepler-1892 b,CONFIRMED,6.33125228,2.688,306.6,1.31,5383.0,0.759,822.0
1833,4067925,K03066.01,Kepler-1897 b,CONFIRMED,24.2204192,3.271,806.3,2.1,5165.0,0.761,505.0
1834,6021275,K00284.02,Kepler-132 c,CONFIRMED,6.41491277,3.3629,121.0,1.4,5931.0,1.101,1069.0
1835,10933561,K00291.01,Kepler-133 c,CONFIRMED,31.51779463,7.634,357.6,2.72,5611.0,1.4,663.0
1836,10933561,K00291.02,Kepler-133 b,CONFIRMED,8.12999858,2.1492,148.0,2.04,5611.0,1.4,1041.0
1837,11075737,K00292.01,Kepler-97 b,CONFIRMED,2.586639524,2.253,217.7,1.44,5780.0,0.966,1328.0
1838,11194032,K00348.01,Kepler-533 b,CONFIRMED,28.51117639,4.5941,1844.6,3.27,4687.0,0.69,423.0
1839,11394027,K00349.01,Kepler-1664 b,CONFIRMED,14.38682567,2.1417,569.6,2.54,5725.0,1.072,776.0
1840,11442793,K00351.01,Kepler-90 h,CONFIRMED,331.5972732,14.404,8322.1,10.89,5970.0,1.2,294.0
1841,5520547,K02990.01,Kepler-1401 b,CONFIRMED,11.20058855,4.562,219.9,1.7,6038.0,0.898,808.0
1842,8866102,K00042.01,Kepler-410 A b,CONFIRMED,17.83367834,4.5112,326.9,2.43,6407.0,1.337,866.0
1843,4143755,K00281.01,Kepler-510 b,CONFIRMED,19.55662003,8.087,298.9,2.45,5671.0,1.36,797.0
1844,11244137,K02994.01,Kepler-1402 b,CONFIRMED,2.03387483,3.097,73.6,1.6,5282.0,1.899,1789.0
1845,5865654,K03071.01,Kepler-1423 b,CONFIRMED,23.9553986,3.204,228.7,2.84,5011.0,1.781,741.0
1846,11259686,K00294.01,Kepler-512 b,CONFIRMED,34.4359387,5.82,424.5,2.78,5929.0,1.363,652.0
1847,11547513,K00295.01,Kepler-134 b,CONFIRMED,5.317440164,2.9331,292.5,1.94,5923.0,1.054,1105.0
1848,11547513,K00295.02,Kepler-134 c,CONFIRMED,10.10575764,2.0138,116.8,1.28,5923.0,1.054,892.0
1849,11802615,K00296.01,Kepler-513 b,CONFIRMED,28.86236571,5.4033,449.2,2.53,5725.0,1.088,623.0
1850,11442793,K00351.02,Kepler-90 g,CONFIRMED,210.6013843,11.9922,4159.3,7.7,5970.0,1.2,342.0
1851,11442793,K00351.03,Kepler-90 d,CONFIRMED,59.7371443,8.0006,566.4,2.84,5970.0,1.2,520.0
1852,11521793,K00352.01,Kepler-143 c,CONFIRMED,27.08239734,5.0119,423.2,3.25,5857.0,1.305,703.0
1853,11566064,K00353.02,Kepler-1717 b,CONFIRMED,30.6528935,4.99,269.7,2.86,6200.0,1.64,780.0
1854,3848275,K02995.01,Kepler-1403 b,CONFIRMED,5.19492747,3.167,272.9,2.03,6415.0,1.224,1238.0
1855,12021625,K02996.01,Kepler-1404 b,CONFIRMED,15.9314412,2.435,556.7,1.77,5380.0,0.721,596.0
1856,4175630,K02998.01,Kepler-1405 b,CONFIRMED,28.227413,5.782,1113.4,2.82,5858.0,0.849,565.0
1857,3328080,K03075.01,Kepler-1898 b,CONFIRMED,4.76559056,2.2,67.5,0.92,5702.0,1.125,1167.0
1858,8430964,K03078.01,Kepler-1900 b,CONFIRMED,2.98618134,2.969,122.9,1.16,6173.0,1.041,1356.0
1859,6021275,K00284.03,Kepler-132 b,CONFIRMED,6.17817366,3.2601,101.9,1.22,5931.0,1.101,1082.0
1860,11905011,K00297.01,Kepler-514 b,CONFIRMED,5.65178922,3.0933,134.1,2.03,6085.0,1.463,1248.0
1861,12785320,K00298.01,Kepler-515 b,CONFIRMED,19.96367208,2.6403,270.9,1.5,5250.0,0.79,564.0
1862,2692377,K00299.01,Kepler-98 b,CONFIRMED,1.541676547,1.9118,296.5,1.88,5533.0,1.089,1592.0
1863,11568987,K00354.01,Kepler-534 b,CONFIRMED,15.95995611,4.3149,523.2,2.27,5936.0,0.965,721.0
1864,11568987,K00354.02,Kepler-534 c,CONFIRMED,7.37867551,3.349,125.1,1.11,5936.0,0.965,933.0
1865,11621223,K00355.01,Kepler-535 b,CONFIRMED,4.903321801,2.8887,334.5,2.37,6045.0,1.298,1247.0
1866,11624249,K00356.01,Kepler-536 b,CONFIRMED,1.82708193,1.96401,1164.7,5.95,5311.0,1.769,1877.0
1867,3852655,K03002.01,Kepler-1406 b,CONFIRMED,11.62904159,2.97,88.0,1.31,5721.0,1.131,854.0
1868,5088536,K00282.01,Kepler-130 c,CONFIRMED,27.50871575,5.9291,639.2,2.98,5903.0,1.137,663.0
1869,6103377,K03004.01,Kepler-1407 b,CONFIRMED,20.0708757,6.354,405.7,3.2,5902.0,1.513,826.0
1870,6677841,K01236.04,Kepler-279 e,CONFIRMED,98.353149,24.708,423.0,4.13,6366.0,1.697,552.0
1871,8037145,K00520.03,Kepler-176 d,CONFIRMED,25.75274977,2.7678,738.9,2.27,4963.0,0.826,501.0
1872,8162789,K00521.01,Kepler-1989 b,CONFIRMED,10.161023528,3.1627,1653.9,4.62,6032.0,1.06,904.0
1873,8806123,K00523.01,Kepler-177 c,CONFIRMED,49.41121127,5.278,3184.0,6.77,5768.0,1.015,497.0
1874,8806123,K00523.02,Kepler-177 b,CONFIRMED,36.8567758,7.495,714.1,2.68,5768.0,1.015,549.0
1875,8355239,K00574.02,Kepler-189 b,CONFIRMED,10.39986173,3.377,275.3,1.5,4963.0,0.826,678.0
1876,8367113,K00575.01,Kepler-606 b,CONFIRMED,24.31574009,4.1344,643.3,2.8,6242.0,1.047,683.0
1877,8558011,K00577.01,Kepler-607 c,CONFIRMED,39.6766071,5.04,611.2,2.29,5244.0,0.888,473.0
1878,9115800,K00421.01,Kepler-548 b,CONFIRMED,4.454194254,2.3061,16041.5,11.76,5359.0,0.915,1017.0
1879,9478990,K00423.01,Kepler-39 b,CONFIRMED,21.0871953,5.92691,8894.7,14.43,6266.0,1.522,873.0
1880,6850504,K00070.04,Kepler-20 e,CONFIRMED,6.09855603,2.9815,84.4,0.84,5465.0,0.925,927.0
1881,10934674,K00477.01,Kepler-567 b,CONFIRMED,16.54295261,3.8516,726.0,2.31,5215.0,0.867,611.0
1882,10990886,K00478.01,Kepler-568 b,CONFIRMED,11.023474798,1.4814,1795.5,2.46,3744.0,0.537,429.0
1883,11015323,K00479.01,Kepler-569 b,CONFIRMED,34.18884323,5.3278,1063.2,2.97,5515.0,0.925,526.0
1884,11134879,K00480.01,Kepler-570 b,CONFIRMED,4.30165843,2.1055,739.4,2.42,5480.0,0.865,1009.0
1885,11192998,K00481.01,Kepler-166 b,CONFIRMED,7.650243513,2.752,981.4,2.3,5409.0,0.746,772.0
1886,8934495,K00524.01,Kepler-1721 b,CONFIRMED,4.592393816,2.2748,1027.7,2.51,5351.0,0.796,924.0
1887,5866724,K00085.01,Kepler-65 c,CONFIRMED,5.859935955,4.0185,322.8,2.56,6181.0,1.424,1246.0
1888,9157634,K00526.01,Kepler-586 b,CONFIRMED,2.104721971,1.7547,905.5,2.89,5703.0,0.975,1365.0
1889,8565266,K00578.01,Kepler-608 b,CONFIRMED,6.412512953,5.2677,1156.4,3.89,6026.0,1.108,1069.0
1890,8616637,K00579.01,Kepler-190 b,CONFIRMED,2.019997006,1.8073,332.8,1.46,5103.0,0.787,1166.0
1891,8616637,K00579.02,Kepler-190 c,CONFIRMED,3.763041531,1.6011,354.5,1.63,5103.0,0.787,948.0
1892,8625925,K00580.01,Kepler-609 b,CONFIRMED,6.521209629,2.7975,760.4,2.54,5822.0,0.898,932.0
1893,8822216,K00581.01,Kepler-610 b,CONFIRMED,6.996926239,2.7374,1317.4,3.21,5713.0,0.893,888.0
1894,10189546,K00427.01,Kepler-549 d,CONFIRMED,24.61480613,2.6602,1798.0,4.2,5312.0,0.986,586.0
1895,10189546,K00427.02,Kepler-549 b,CONFIRMED,42.949522,5.4154,959.1,2.98,5312.0,0.986,487.0
1896,10189546,K00427.03,Kepler-549 c,CONFIRMED,117.033521,6.822,770.4,2.68,5312.0,0.986,349.0
1897,11192998,K00481.02,Kepler-166 d,CONFIRMED,1.55400389,1.7664,465.8,1.59,5409.0,0.746,1313.0
1898,11192998,K00481.03,Kepler-166 c,CONFIRMED,34.25951418,4.7743,1072.5,2.41,5409.0,0.746,468.0
1899,11497977,K00483.01,Kepler-571 b,CONFIRMED,4.79860021,3.0384,817.4,2.51,5631.0,0.847,978.0
1900,9941859,K00528.01,Kepler-178 b,CONFIRMED,9.57665962,3.3603,746.8,2.88,5386.0,1.076,846.0
1901,9941859,K00528.02,Kepler-178 d,CONFIRMED,96.6781852,5.6957,951.3,3.29,5386.0,1.076,392.0
1902,9941859,K00528.03,Kepler-178 c,CONFIRMED,20.55280311,2.2013,727.3,2.99,5386.0,1.076,656.0
1903,10266615,K00530.01,Kepler-587 b,CONFIRMED,10.94026745,2.3494,538.6,2.08,5749.0,0.864,764.0
1904,6444896,K03138.02,Kepler-1649 c,CONFIRMED,19.5352551,1.013,1732.0,0.53,2703.0,0.118,161.0
1905,8822216,K00581.02,Kepler-610 c,CONFIRMED,151.863949,8.577,747.0,2.41,5713.0,0.893,318.0
1906,9020160,K00582.01,Kepler-191 d,CONFIRMED,5.945043548,2.7004,800.2,2.69,5105.0,0.868,857.0
1907,7941200,K00092.01,Kepler-1709 b,CONFIRMED,65.7045275,3.3104,636.1,2.78,5918.0,1.043,472.0
1908,9020160,K00582.02,Kepler-191 c,CONFIRMED,17.73842886,3.0049,605.5,2.47,5105.0,0.868,596.0
1909,9020160,K00582.03,Kepler-191 b,CONFIRMED,9.93962361,3.432,300.1,1.93,5105.0,0.868,722.0
1910,10418224,K00428.01,Kepler-40 b,CONFIRMED,6.8731664,6.8569,3753.8,13.44,6490.0,2.179,1482.0
1911,10616679,K00429.01,Kepler-550 b,CONFIRMED,8.600099313,4.0077,2791.6,4.17,5246.0,0.805,760.0
1912,10717241,K00430.01,Kepler-551 b,CONFIRMED,12.37646897,2.7075,1709.0,2.53,4200.0,0.607,483.0
1913,7303287,K01353.03,Kepler-289 e,CONFIRMED,330.071558,4.295,616.7,2.94,5933.0,1.115,286.0
1914,10843590,K00431.01,Kepler-153 b,CONFIRMED,18.87022157,3.1404,1096.6,2.82,5402.0,0.865,621.0
1915,6850504,K00070.05,Kepler-20 f,CONFIRMED,19.5776073,3.382,98.1,0.9,5465.0,0.925,628.0
1916,12061222,K00484.01,Kepler-572 b,CONFIRMED,17.20522898,3.6688,1080.6,2.22,5211.0,0.689,553.0
1917,12404305,K00486.01,Kepler-573 b,CONFIRMED,22.18332255,5.1364,748.1,2.78,5565.0,1.03,646.0
1918,12834874,K00487.01,Kepler-574 b,CONFIRMED,7.65880048,3.0427,668.2,2.19,5657.0,0.855,858.0
1919,2557816,K00488.01,Kepler-575 b,CONFIRMED,9.3789167,3.3427,563.5,2.03,5684.0,0.808,803.0
1920,10454313,K00532.01,Kepler-588 b,CONFIRMED,4.221626193,3.0619,658.0,2.87,6123.0,0.987,1176.0
1921,10513530,K00533.01,Kepler-589 b,CONFIRMED,16.54967098,4.3808,744.5,2.95,5372.0,0.916,656.0
1922,5866724,K00085.02,Kepler-65 b,CONFIRMED,2.154911236,3.1341,99.7,1.42,6181.0,1.424,1740.0
1923,10513530,K00533.02,Kepler-589 c,CONFIRMED,3.52467888,2.484,129.7,1.46,5372.0,0.916,1098.0
1924,10554999,K00534.01,Kepler-179 c,CONFIRMED,6.400157105,2.0004,743.2,2.52,5299.0,0.766,810.0
1925,9076513,K00583.01,Kepler-611 b,CONFIRMED,2.437029217,3.2005,244.0,2.04,5573.0,1.329,1513.0
1926,9146018,K00584.01,Kepler-192 b,CONFIRMED,9.9267215,3.8428,725.5,2.76,5475.0,0.982,803.0
1927,9146018,K00584.02,Kepler-192 c,CONFIRMED,21.22349325,4.9416,582.9,2.63,5475.0,0.982,623.0
1928,9146018,K00584.03,Kepler-192 d,CONFIRMED,6.47027706,3.343,116.9,1.15,5475.0,0.982,926.0
1929,9279669,K00585.01,Kepler-612 b,CONFIRMED,3.722158895,1.9941,757.4,2.33,5617.0,0.806,1046.0
1930,10843590,K00431.02,Kepler-153 c,CONFIRMED,46.9026431,3.9264,821.3,2.6,5402.0,0.865,458.0
1931,10858832,K00432.01,Kepler-552 b,CONFIRMED,5.263415218,2.1446,1030.7,3.77,6099.0,1.028,1103.0
1932,10937029,K00433.01,Kepler-553 b,CONFIRMED,4.030466786,2.7734,2908.3,4.48,5234.0,0.854,970.0
1933,10937029,K00433.02,Kepler-553 c,CONFIRMED,328.240201,12.2726,13888.6,10.99,5234.0,0.854,224.0
1934,3239945,K00490.01,Kepler-167 b,CONFIRMED,4.393157678,2.4455,447.2,1.41,4799.0,0.692,807.0
1935,10187017,K00082.01,Kepler-102 e,CONFIRMED,16.145671932,3.7236,941.1,2.48,4900.0,0.741,546.0
1936,3239945,K00490.02,Kepler-167 e,CONFIRMED,1071.232624,16.1784,19045.6,9.27,4799.0,0.692,129.0
1937,10554999,K00534.02,Kepler-179 b,CONFIRMED,2.735900074,1.9359,428.9,1.56,5299.0,0.766,1075.0
1938,10873260,K00535.01,Kepler-590 b,CONFIRMED,5.852968845,4.5973,1146.5,3.46,6050.0,1.013,1056.0
1939,10965008,K00536.01,Kepler-591 b,CONFIRMED,81.1701587,8.358,1183.2,4.71,5460.0,1.165,436.0
1940,11073351,K00537.01,Kepler-592 b,CONFIRMED,2.820190603,2.554,467.5,2.53,5831.0,1.121,1367.0
1941,11090765,K00538.01,Kepler-593 b,CONFIRMED,21.21712312,5.89,636.0,2.97,6191.0,1.007,706.0
1942,9570741,K00586.01,Kepler-613 b,CONFIRMED,15.77980122,4.0369,541.4,2.11,5941.0,0.911,713.0
1943,9607164,K00587.01,Kepler-614 b,CONFIRMED,14.03490255,3.638,851.8,2.41,5258.0,0.785,641.0
1944,9631762,K00588.01,Kepler-615 b,CONFIRMED,10.35586478,2.8431,660.9,1.92,4646.0,0.778,620.0
1945,6462863,K00094.01,Kepler-89 d,CONFIRMED,22.342964828,6.66405,5612.8,9.99,6181.0,1.331,785.0
1946,9782691,K00590.01,Kepler-193 b,CONFIRMED,11.38840217,3.6949,438.0,3.04,5876.0,1.456,979.0
1947,11709124,K00435.01,Kepler-154 d,CONFIRMED,20.5498184,5.5484,1564.3,4.04,5688.0,0.971,657.0
1948,12302530,K00438.01,Kepler-155 b,CONFIRMED,5.931196562,2.4999,1007.4,2.01,3984.0,0.539,562.0
1949,11904151,K00072.01,Kepler-10 b,CONFIRMED,0.837491225,1.796,190.4,1.43,5676.0,1.044,1980.0
1950,3239945,K00490.03,Kepler-167 c,CONFIRMED,7.40611676,2.8826,417.9,1.37,4799.0,0.692,678.0
1951,3239945,K00490.04,Kepler-167 d,CONFIRMED,21.803708,3.369,246.4,1.11,4799.0,0.692,473.0
1952,3559935,K00492.01,Kepler-576 b,CONFIRMED,29.9111886,6.6436,942.0,2.9,5275.0,0.969,541.0
1953,3966801,K00494.01,Kepler-577 b,CONFIRMED,25.69581456,4.0251,1130.8,1.7,3787.0,0.477,314.0
1954,11656721,K00541.01,Kepler-594 b,CONFIRMED,13.64617478,3.4098,633.0,2.06,5569.0,0.829,678.0
1955,11853905,K00007.01,Kepler-4 b,CONFIRMED,3.213668926,3.98235,727.8,4.13,5795.0,1.545,1515.0
1956,5866724,K00085.03,Kepler-65 d,CONFIRMED,8.13121389,4.2386,111.8,1.58,6181.0,1.424,1117.0
1957,11669239,K00542.01,Kepler-180 c,CONFIRMED,41.8854433,6.763,687.4,3.28,5735.0,1.028,540.0
1958,11669239,K00542.02,Kepler-180 b,CONFIRMED,13.81733587,4.261,223.2,2.04,5735.0,1.028,781.0
1959,10600261,K00597.03,Kepler-194 d,CONFIRMED,52.8148051,7.309,553.7,3.33,5565.0,1.439,562.0
1960,10656823,K00598.01,Kepler-195 b,CONFIRMED,8.30783912,3.1516,777.5,2.15,5320.0,0.786,751.0
1961,10656823,K00598.02,Kepler-195 c,CONFIRMED,34.0963441,3.896,472.7,1.71,5320.0,0.786,469.0
1962,10676824,K00599.01,Kepler-1724 b,CONFIRMED,6.45442931,2.6772,586.1,2.48,6092.0,0.943,999.0
1963,10718726,K00600.01,Kepler-618 b,CONFIRMED,3.595769013,3.1569,383.7,2.39,5762.0,1.196,1296.0
1964,12302530,K00438.02,Kepler-155 c,CONFIRMED,52.6615266,3.1592,1078.1,1.87,3984.0,0.539,271.0
1965,12470954,K00439.01,Kepler-554 b,CONFIRMED,1.902208647,2.19877,2343.5,4.45,5400.0,0.937,1346.0
1966,2438264,K00440.01,Kepler-156 c,CONFIRMED,15.90688891,3.9879,924.7,2.35,5097.0,0.797,588.0
1967,2438264,K00440.02,Kepler-156 b,CONFIRMED,4.973455252,1.6519,741.6,2.46,5097.0,0.797,867.0
1968,4454752,K00496.01,Kepler-578 b,CONFIRMED,1.616883373,1.6325,437.3,4.47,4868.0,1.816,1774.0
1969,4757437,K00497.01,Kepler-168 c,CONFIRMED,13.19322809,5.0036,585.7,2.94,5946.0,1.223,862.0
1970,10187017,K00082.02,Kepler-102 d,CONFIRMED,10.31174786,3.1818,275.9,1.34,4900.0,0.741,634.0
1971,4757437,K00497.02,Kepler-168 b,CONFIRMED,4.42535097,3.504,179.0,1.63,5946.0,1.223,1240.0
1972,11823054,K00543.01,Kepler-181 c,CONFIRMED,4.302139338,2.0289,747.2,2.46,5041.0,0.857,937.0
1973,11823054,K00543.02,Kepler-181 b,CONFIRMED,3.137845914,1.91,305.7,1.5,5041.0,0.857,1041.0
1974,12058931,K00546.01,Kepler-182 c,CONFIRMED,20.68420772,6.4415,858.5,3.28,6246.0,1.092,729.0
1975,9782691,K00590.02,Kepler-193 c,CONFIRMED,50.6985408,5.972,610.9,3.58,5876.0,1.456,595.0
1976,9957627,K00592.01,Kepler-1723 b,CONFIRMED,39.7529915,4.9641,549.3,2.37,6072.0,1.01,568.0
1977,9958962,K00593.01,Kepler-616 b,CONFIRMED,9.99760285,3.4423,638.7,2.82,6004.0,0.977,860.0
1978,9958962,K00593.02,Kepler-616 c,CONFIRMED,90.4117992,7.106,1265.0,3.96,6004.0,0.977,413.0
1979,3745690,K00442.01,Kepler-157 c,CONFIRMED,13.54057461,4.4673,461.0,2.17,5767.0,1.014,779.0
1980,3745690,K00442.02,Kepler-157 b,CONFIRMED,1.732346403,2.2139,182.4,1.37,5767.0,1.014,1546.0
1981,3745690,K00442.03,Kepler-157 d,CONFIRMED,7.0257409,2.245,190.7,1.56,5767.0,1.014,969.0
1982,3833007,K00443.01,Kepler-555 b,CONFIRMED,16.21774917,4.9274,758.3,2.22,5837.0,0.798,664.0
1983,3847138,K00444.01,Kepler-556 b,CONFIRMED,11.72291212,4.2064,492.2,2.08,5550.0,0.953,766.0
1984,4847534,K00499.01,Kepler-579 b,CONFIRMED,9.66857386,2.4656,411.7,1.9,5288.0,0.836,730.0
1985,4852528,K00500.01,Kepler-80 b,CONFIRMED,7.053527145,2.3982,1480.1,2.16,4041.0,0.567,547.0
1986,4852528,K00500.02,Kepler-80 c,CONFIRMED,9.521644639,2.3569,1491.3,2.16,4041.0,0.567,495.0
1987,4852528,K00500.03,Kepler-80 d,CONFIRMED,3.072146607,1.8732,539.0,1.3,4041.0,0.567,722.0
1988,4852528,K00500.04,Kepler-80 e,CONFIRMED,4.645382149,2.0271,565.5,1.33,4041.0,0.567,629.0
1989,12058931,K00546.02,Kepler-182 b,CONFIRMED,9.82578495,5.2498,433.3,2.66,6246.0,1.092,935.0
1990,12116489,K00547.01,Kepler-595 b,CONFIRMED,25.30291816,4.4903,2105.7,3.95,5121.0,0.888,535.0
1991,12600735,K00548.01,Kepler-596 b,CONFIRMED,21.30020491,4.0852,659.8,2.99,6008.0,1.168,725.0
1992,10593626,K00087.01,Kepler-22 b,CONFIRMED,289.864067,7.565,529.1,2.34,5516.0,0.886,257.0
1993,9958962,K00593.03,Kepler-616 d,CONFIRMED,51.0674355,4.374,597.5,2.44,6004.0,0.977,499.0
1994,10388286,K00596.01,Kepler-617 b,CONFIRMED,1.682695938,1.3867,703.8,1.23,3669.0,0.47,750.0
1995,10600261,K00597.01,Kepler-194 c,CONFIRMED,17.30795548,5.1126,633.0,3.56,5565.0,1.439,815.0
1996,6462863,K00094.02,Kepler-89 c,CONFIRMED,10.423677439,5.2257,777.3,3.72,6181.0,1.331,1012.0
1997,10600261,K00597.02,Kepler-194 b,CONFIRMED,2.09227115,2.4062,207.6,2.06,5565.0,1.439,1648.0
1998,11904151,K00072.02,Kepler-10 c,CONFIRMED,45.29422297,6.83,477.1,2.26,5676.0,1.044,524.0
1999,4633570,K00446.01,Kepler-158 b,CONFIRMED,16.70920628,2.7052,839.8,2.27,4621.0,0.668,500.0
2000,4633570,K00446.02,Kepler-158 c,CONFIRMED,28.55158187,4.1502,807.8,1.97,4621.0,0.668,418.0
2001,5640085,K00448.01,Kepler-159 b,CONFIRMED,10.13958818,2.6446,1155.9,1.68,3893.0,0.5,447.0
2002,5640085,K00448.02,Kepler-159 c,CONFIRMED,43.5859419,4.6814,1708.7,2.05,3893.0,0.5,275.0
2003,4852528,K00500.05,Kepler-80 f,CONFIRMED,0.986785834,1.1879,450.0,1.19,4041.0,0.567,1054.0
2004,10187017,K00082.03,Kepler-102 f,CONFIRMED,27.4536146,3.747,136.4,0.95,4900.0,0.741,457.0
2005,5340644,K00503.01,Kepler-580 b,CONFIRMED,8.22241355,2.71,1468.6,2.28,4213.0,0.615,558.0
2006,4165473,K00550.01,Kepler-597 b,CONFIRMED,13.02363236,3.9734,607.0,2.3,5627.0,0.945,743.0
2007,4270253,K00551.01,Kepler-183 c,CONFIRMED,11.6370303,3.3372,604.3,2.9,5576.0,1.198,857.0
2008,4270253,K00551.02,Kepler-183 b,CONFIRMED,5.68798675,2.2682,476.4,2.76,5576.0,1.198,1088.0
2009,10973664,K00601.01,Kepler-619 b,CONFIRMED,5.40426917,2.5315,860.6,2.85,6122.0,0.964,1073.0
2010,10973664,K00601.02,Kepler-619 d,CONFIRMED,11.67894236,1.2641,1185.1,4.17,6122.0,0.964,830.0
2011,10973664,K00601.03,Kepler-619 c,CONFIRMED,1.208462378,1.544,227.3,1.64,6122.0,0.964,1767.0
2012,9141746,K00929.02,Kepler-730 c,CONFIRMED,2.85188338,2.666,114.9,1.23,6123.0,1.107,1398.0
2013,12459913,K00602.01,Kepler-620 b,CONFIRMED,12.91385906,5.3685,487.9,2.49,6253.0,0.997,849.0
2014,6462863,K00094.03,Kepler-89 e,CONFIRMED,54.31996151,8.5858,1975.0,6.07,6181.0,1.331,584.0
2015,6291033,K00452.01,Kepler-557 b,CONFIRMED,3.705991661,5.1658,501.4,2.43,6187.0,1.034,1281.0
2016,5461440,K00504.01,Kepler-581 b,CONFIRMED,40.606895,5.756,657.5,2.67,5538.0,1.027,521.0
2017,5689351,K00505.01,Kepler-169 e,CONFIRMED,13.76710058,2.9105,684.8,2.24,5001.0,0.76,595.0
2018,5689351,K00505.02,Kepler-169 c,CONFIRMED,6.1954595,2.952,296.4,1.37,5001.0,0.76,776.0
2019,5689351,K00505.03,Kepler-169 b,CONFIRMED,3.25058201,2.2537,218.4,1.19,5001.0,0.76,962.0
2020,5689351,K00505.04,Kepler-169 d,CONFIRMED,8.34819209,2.835,288.9,1.45,5001.0,0.76,702.0
2021,5709725,K00555.01,Kepler-598 b,CONFIRMED,3.701765401,2.6061,288.3,1.63,5252.0,0.898,1050.0
2022,5709725,K00555.02,Kepler-598 c,CONFIRMED,86.4943704,7.471,995.2,3.07,5252.0,0.898,367.0
2023,9946525,K00398.01,Kepler-148 d,CONFIRMED,51.84688984,4.7769,9636.3,8.73,5227.0,0.838,413.0
2024,9946525,K00398.02,Kepler-148 c,CONFIRMED,4.180048081,2.4479,1765.6,3.44,5227.0,0.838,957.0
2025,9946525,K00398.03,Kepler-148 b,CONFIRMED,1.729367077,1.7442,484.4,1.82,5227.0,0.838,1284.0
2026,7098355,K00454.01,Kepler-558 b,CONFIRMED,29.00789166,5.0274,906.3,2.64,5295.0,0.801,498.0
2027,7269974,K00456.01,Kepler-160 c,CONFIRMED,13.69942266,4.3409,1292.9,3.85,5541.0,1.089,771.0
2028,7269974,K00456.02,Kepler-160 b,CONFIRMED,4.309381978,2.8977,310.7,1.89,5541.0,1.089,1134.0
2029,7440748,K00457.01,Kepler-161 b,CONFIRMED,4.9213639,1.8806,761.3,2.14,5076.0,0.799,868.0
2030,5689351,K00505.05,Kepler-169 f,CONFIRMED,87.0912594,7.0,1129.1,2.95,5001.0,0.76,321.0
2031,5812960,K00507.01,Kepler-582 b,CONFIRMED,18.49234792,3.4744,1655.5,3.34,5289.0,0.838,603.0
2032,6266741,K00508.01,Kepler-170 b,CONFIRMED,7.930583519,3.6083,826.1,3.05,5674.0,1.032,899.0
2033,10187017,K00082.04,Kepler-102 c,CONFIRMED,7.07136119,2.757,65.7,0.63,4900.0,0.741,719.0
2034,5774349,K00557.01,Kepler-599 b,CONFIRMED,15.65563866,3.9305,955.9,2.55,5185.0,0.837,623.0
2035,5978361,K00558.01,Kepler-1722 b,CONFIRMED,9.17858526,2.1945,796.5,2.3,5506.0,0.788,753.0
2036,6501635,K00560.01,Kepler-600 b,CONFIRMED,23.67513153,4.647,980.4,2.76,5309.0,0.781,528.0
2037,3217264,K00401.01,Kepler-149 b,CONFIRMED,29.19899219,5.1227,2047.2,4.15,5376.0,0.94,540.0
2038,3217264,K00401.02,Kepler-149 d,CONFIRMED,160.0191598,5.472,1552.8,4.28,5376.0,0.94,306.0
2039,6850504,K00070.01,Kepler-20 c,CONFIRMED,10.854095934,3.7768,1034.4,2.99,5465.0,0.925,765.0
2040,3217264,K00401.03,Kepler-149 c,CONFIRMED,55.3291399,6.918,325.7,1.67,5376.0,0.94,436.0
2041,7440748,K00457.02,Kepler-161 c,CONFIRMED,7.064252021,1.3867,728.9,2.37,5076.0,0.799,769.0
2042,7977197,K00459.01,Kepler-162 c,CONFIRMED,19.44639139,3.6227,926.0,3.24,5815.0,0.954,681.0
2043,7977197,K00459.02,Kepler-162 b,CONFIRMED,6.91986988,3.4253,170.1,1.39,5815.0,0.954,961.0
2044,6266741,K00508.02,Kepler-170 c,CONFIRMED,16.6658994,4.1934,754.2,2.85,5674.0,1.032,702.0
2045,6381846,K00509.01,Kepler-171 b,CONFIRMED,4.16696628,2.7535,877.7,2.74,5456.0,0.943,1053.0
2046,6381846,K00509.02,Kepler-171 c,CONFIRMED,11.46347165,2.599,1048.6,3.0,5456.0,0.943,752.0
2047,6381846,K00509.03,Kepler-171 d,CONFIRMED,39.6034,6.487,572.7,2.22,5456.0,0.943,497.0
2048,6422155,K00510.01,Kepler-172 b,CONFIRMED,2.940304817,2.7226,472.4,2.59,5527.0,1.054,1256.0
2049,6665695,K00561.01,Kepler-601 b,CONFIRMED,5.378868001,2.7222,483.4,1.86,5077.0,0.774,833.0
2050,6707833,K00563.01,Kepler-602 b,CONFIRMED,15.28467725,6.0768,321.3,2.7,5763.0,1.374,852.0
2051,6786037,K00564.01,Kepler-603 b,CONFIRMED,21.05349939,7.1605,496.6,2.75,5751.0,1.247,731.0
2052,6786037,K00564.02,Kepler-603 c,CONFIRMED,127.905412,14.475,4020.6,8.03,5751.0,1.247,401.0
2053,6786037,K00564.03,Kepler-603 d,CONFIRMED,6.21716039,4.4289,211.2,1.81,5751.0,1.247,1098.0
2054,5351250,K00408.01,Kepler-150 c,CONFIRMED,7.381980206,3.1152,1433.8,3.42,5559.0,0.914,876.0
2055,8043638,K00460.01,Kepler-559 b,CONFIRMED,17.58751692,4.3773,1377.8,4.03,5433.0,1.107,706.0
2056,8845205,K00463.01,Kepler-560 b,CONFIRMED,18.47762694,1.94,2604.6,1.55,3395.0,0.283,267.0
2057,8890783,K00464.01,Kepler-561 b,CONFIRMED,58.36205791,6.3363,5374.7,7.02,5592.0,0.953,446.0
2058,8890783,K00464.02,Kepler-561 c,CONFIRMED,5.350156114,2.2647,764.8,2.6,5592.0,0.953,989.0
2059,6422155,K00510.02,Kepler-172 c,CONFIRMED,6.38899658,3.5032,543.3,2.89,5527.0,1.054,970.0
2060,6422155,K00510.03,Kepler-172 d,CONFIRMED,14.62709685,4.097,396.4,2.7,5527.0,1.054,736.0
2061,6422155,K00510.04,Kepler-172 e,CONFIRMED,35.1184432,4.59,542.4,3.26,5527.0,1.054,550.0
2062,6451936,K00511.01,Kepler-173 c,CONFIRMED,8.00579096,3.0549,629.7,2.36,6032.0,0.935,956.0
2063,6451936,K00511.02,Kepler-173 b,CONFIRMED,4.26374378,2.2725,182.0,1.28,6032.0,0.935,1179.0
2064,8056665,K00089.01,Kepler-462 b,CONFIRMED,84.6877524,10.0248,347.7,3.37,6688.0,1.79,611.0
2065,7119481,K00566.01,Kepler-604 b,CONFIRMED,25.85499978,3.8737,610.5,2.4,6122.0,0.964,637.0
2066,7445445,K00567.01,Kepler-184 b,CONFIRMED,10.68758211,3.3812,777.7,2.64,5788.0,0.848,780.0
2067,7445445,K00567.02,Kepler-184 c,CONFIRMED,20.30303506,4.5038,533.4,2.16,5788.0,0.848,630.0
2068,5351250,K00408.02,Kepler-150 d,CONFIRMED,12.56096618,3.7647,923.1,2.74,5559.0,0.914,734.0
2069,5351250,K00408.03,Kepler-150 e,CONFIRMED,30.8261043,5.914,742.2,3.18,5559.0,0.914,544.0
2070,6850504,K00070.02,Kepler-20 b,CONFIRMED,3.696121272,2.463,383.4,1.78,5465.0,0.925,1095.0
2071,5351250,K00408.04,Kepler-150 b,CONFIRMED,3.42806306,2.417,178.4,1.21,5559.0,0.914,1131.0
2072,5444548,K00409.01,Kepler-545 b,CONFIRMED,13.24931848,4.4859,647.6,2.86,5799.0,1.078,806.0
2073,9583881,K00467.01,Kepler-562 b,CONFIRMED,18.00932214,4.9611,3004.4,4.96,5815.0,0.877,658.0
2074,9589524,K00468.01,Kepler-563 b,CONFIRMED,22.18431824,3.0397,1593.0,3.18,5157.0,0.818,546.0
2075,10187017,K00082.05,Kepler-102 b,CONFIRMED,5.28691996,2.579,41.5,0.51,4900.0,0.741,792.0
2076,6838050,K00512.01,Kepler-583 b,CONFIRMED,6.51003001,3.3095,602.8,2.78,5638.0,1.153,1017.0
2077,6937692,K00513.01,Kepler-584 b,CONFIRMED,35.18105723,7.545,987.7,4.17,6520.0,1.215,664.0
2078,7445445,K00567.03,Kepler-184 d,CONFIRMED,29.02235217,4.0263,637.6,2.55,5788.0,0.848,559.0
2079,7595157,K00568.01,Kepler-605 b,CONFIRMED,3.383540239,1.403,255.7,1.65,5300.0,0.986,1133.0
2080,7595157,K00568.02,Kepler-605 c,CONFIRMED,2.358952404,1.593,94.1,0.96,5300.0,0.986,1278.0
2081,8008206,K00569.01,Kepler-185 c,CONFIRMED,20.72904234,2.8066,561.7,1.94,4979.0,0.803,530.0
2082,8008206,K00569.02,Kepler-185 b,CONFIRMED,1.632916419,1.5599,209.2,1.13,4979.0,0.803,1237.0
2083,5683743,K00412.01,Kepler-546 b,CONFIRMED,4.147021189,2.8997,3680.7,7.31,5818.0,1.205,1258.0
2084,5791986,K00413.01,Kepler-151 b,CONFIRMED,15.22895514,2.5967,1124.8,3.0,5456.0,0.812,639.0
2085,5791986,K00413.02,Kepler-151 c,CONFIRMED,24.67458244,3.2648,650.6,2.33,5456.0,0.812,544.0
2086,9844088,K00470.01,Kepler-564 b,CONFIRMED,3.750832927,1.9457,2397.9,4.61,5776.0,0.95,1129.0
2087,10019643,K00471.01,Kepler-163 c,CONFIRMED,21.34736612,4.184,630.5,3.2,5395.0,1.071,648.0
2088,10019643,K00471.02,Kepler-163 b,CONFIRMED,7.81100952,3.231,126.7,1.36,5395.0,1.071,906.0
2089,10123064,K00472.01,Kepler-565 b,CONFIRMED,4.243748097,3.3603,1409.7,3.16,5873.0,0.843,1063.0
2090,8015907,K00517.01,Kepler-585 b,CONFIRMED,2.752359689,2.0722,791.9,2.54,5461.0,0.897,1178.0
2091,8017703,K00518.01,Kepler-174 b,CONFIRMED,13.98177862,2.958,1018.4,2.09,4859.0,0.651,553.0
2092,8017703,K00518.02,Kepler-174 c,CONFIRMED,44.0003975,5.1115,599.6,1.56,4859.0,0.651,377.0
2093,8017703,K00518.03,Kepler-174 d,CONFIRMED,247.354914,8.677,1291.8,2.29,4859.0,0.651,212.0
2094,8056665,K00089.02,Kepler-462 c,CONFIRMED,207.5829306,7.0686,505.1,4.52,6688.0,1.79,453.0
2095,8120608,K00571.01,Kepler-186 c,CONFIRMED,7.26731094,2.2691,659.1,1.14,3751.0,0.443,464.0
2096,8120608,K00571.02,Kepler-186 d,CONFIRMED,13.3430025,2.7399,799.7,1.29,3751.0,0.443,379.0
2097,8120608,K00571.03,Kepler-186 b,CONFIRMED,3.886795001,1.7574,471.3,0.97,3751.0,0.443,571.0
2098,8120608,K00571.04,Kepler-186 e,CONFIRMED,22.40777833,3.2881,661.3,1.15,3751.0,0.443,319.0
2099,6850504,K00070.03,Kepler-20 d,CONFIRMED,77.6114427,7.1786,814.5,2.59,5465.0,0.925,397.0
2100,6508221,K00416.01,Kepler-152 b,CONFIRMED,18.20795835,3.7965,1596.9,3.08,5176.0,0.738,551.0
2101,10155434,K00473.01,Kepler-1720 b,CONFIRMED,12.70636123,2.395,871.7,2.75,5573.0,0.839,697.0
2102,10460984,K00474.01,Kepler-164 c,CONFIRMED,10.94577783,3.0937,532.8,2.84,5888.0,1.097,881.0
2103,10460984,K00474.02,Kepler-164 d,CONFIRMED,28.9869016,3.6233,471.6,2.7,5888.0,1.097,637.0
2104,10460984,K00474.03,Kepler-164 e,CONFIRMED,94.886902,6.923,641.7,4.24,5888.0,1.097,429.0
2105,10460984,K00474.04,Kepler-164 b,CONFIRMED,5.03505665,1.804,151.5,1.63,5888.0,1.097,1141.0
2106,8022244,K00519.01,Kepler-175 b,CONFIRMED,11.90352088,4.297,633.0,2.56,6063.0,1.001,827.0
2107,2571238,K00084.01,Kepler-19 b,CONFIRMED,9.286964466,3.3649,691.7,2.1,5546.0,0.81,762.0
2108,8022244,K00519.02,Kepler-175 c,CONFIRMED,34.0350605,6.695,727.8,2.76,6063.0,1.001,583.0
2109,8037145,K00520.01,Kepler-176 c,CONFIRMED,12.75934489,3.5889,882.1,2.58,4963.0,0.826,633.0
2110,8037145,K00520.02,Kepler-176 b,CONFIRMED,5.433132902,2.4012,328.2,1.61,4963.0,0.826,841.0
2111,8193178,K00572.01,Kepler-187 c,CONFIRMED,10.64021008,5.4381,455.3,2.87,6112.0,1.233,963.0
2112,8193178,K00572.02,Kepler-187 b,CONFIRMED,4.93883135,4.388,123.5,1.44,6112.0,1.233,1244.0
2113,8344004,K00573.01,Kepler-188 c,CONFIRMED,5.996533443,3.3129,711.4,2.96,5622.0,1.089,1025.0
2114,8344004,K00573.02,Kepler-188 b,CONFIRMED,2.06190864,1.9743,214.0,1.63,5622.0,1.089,1463.0
2115,8355239,K00574.01,Kepler-189 c,CONFIRMED,20.13490007,3.7962,1035.2,2.98,4963.0,0.826,544.0
2116,6508221,K00416.02,Kepler-152 c,CONFIRMED,88.2553729,4.539,1132.2,2.96,5176.0,0.738,326.0
2117,8352537,K00420.01,Kepler-547 b,CONFIRMED,6.010383339,2.1939,2652.1,3.8,4882.0,0.738,768.0
2118,10577994,K00475.01,Kepler-165 b,CONFIRMED,8.1808949,2.7546,723.5,2.1,5081.0,0.77,716.0
2119,10577994,K00475.02,Kepler-165 c,CONFIRMED,15.31296388,3.0935,864.9,2.34,5081.0,0.77,581.0
2120,10599206,K00476.01,Kepler-566 b,CONFIRMED,18.42794957,2.9264,706.6,2.24,4768.0,0.779,526.0
2121,10227020,K00730.01,Kepler-223 d,CONFIRMED,14.78767172,6.1191,781.8,3.46,5814.0,1.248,827.0
2122,4563268,K00627.02,Kepler-625 c,CONFIRMED,4.16536757,3.2935,120.0,1.0,5604.0,0.912,1048.0
2123,4644604,K00628.01,Kepler-626 b,CONFIRMED,14.48584765,3.1365,457.1,2.88,5784.0,1.085,784.0
2124,4656049,K00629.01,Kepler-627 b,CONFIRMED,40.6992062,7.074,429.9,3.2,6419.0,1.362,685.0
2125,4742414,K00631.01,Kepler-628 b,CONFIRMED,15.458056682,8.79536,4253.2,9.11,5868.0,1.407,871.0
2126,7764367,K00685.01,Kepler-644 b,CONFIRMED,3.173914037,3.6069,303.0,3.07,6432.0,1.584,1655.0
2127,10227020,K00730.02,Kepler-223 c,CONFIRMED,9.84824649,5.7471,436.7,2.68,5814.0,1.248,947.0
2128,10227020,K00730.03,Kepler-223 e,CONFIRMED,19.7243672,7.202,577.9,3.57,5814.0,1.248,751.0
2129,6678383,K00111.03,Kepler-104 d,CONFIRMED,51.75530504,7.4355,609.2,2.61,5979.0,1.005,515.0
2130,10227020,K00730.04,Kepler-223 b,CONFIRMED,7.38443269,5.7351,349.8,2.42,5814.0,1.248,1042.0
2131,4827723,K00632.01,Kepler-629 b,CONFIRMED,7.23858162,3.1199,268.2,1.34,5411.0,0.831,816.0
2132,4841374,K00633.01,Kepler-630 b,CONFIRMED,161.4746786,10.572,828.2,3.25,5761.0,1.044,343.0
2133,5020319,K00635.01,Kepler-1725 b,CONFIRMED,16.71987303,3.317,523.1,2.52,6020.0,1.085,767.0
2134,8161561,K00688.01,Kepler-645 b,CONFIRMED,3.275821982,3.0427,274.9,3.54,6185.0,1.972,1730.0
2135,8361905,K00689.01,Kepler-646 b,CONFIRMED,15.87360981,3.5246,415.6,1.53,5656.0,0.737,632.0
2136,12116489,K00547.03,Kepler-595 c,CONFIRMED,12.3860474,2.604,151.3,1.11,5121.0,0.888,679.0
2137,11250587,K00107.01,Kepler-464 b,CONFIRMED,7.256962446,4.9402,463.2,3.53,5858.0,1.549,1163.0
2138,8480285,K00691.01,Kepler-647 c,CONFIRMED,29.66631669,8.412,668.0,2.83,5956.0,1.098,644.0
2139,8480285,K00691.02,Kepler-647 b,CONFIRMED,16.2254975,6.471,120.4,1.21,5956.0,1.098,788.0
2140,10265898,K00732.01,Kepler-656 b,CONFIRMED,1.260258822,1.8594,1130.7,3.57,5550.0,0.954,1569.0
2141,10265898,K00732.03,Kepler-656 c,CONFIRMED,5.25449393,3.078,169.0,1.41,5550.0,0.954,975.0
2142,10271806,K00733.01,Kepler-224 c,CONFIRMED,5.924993927,2.8874,1608.1,3.15,5016.0,0.679,758.0
2143,10271806,K00733.02,Kepler-224 d,CONFIRMED,11.34934848,3.1101,1249.8,2.39,5016.0,0.679,610.0
2144,5113822,K00638.01,Kepler-199 b,CONFIRMED,23.6421965,5.018,1102.2,2.9,5750.0,0.882,595.0
2145,5113822,K00638.02,Kepler-199 c,CONFIRMED,67.0930642,7.334,1254.2,3.51,5750.0,0.882,420.0
2146,5120087,K00639.01,Kepler-631 b,CONFIRMED,17.97979816,5.5828,459.1,2.89,6141.0,1.352,828.0
2147,5121511,K00640.01,Kepler-632 b,CONFIRMED,30.99664113,2.9182,655.3,2.43,5324.0,0.853,500.0
2148,8557374,K00692.01,Kepler-213 b,CONFIRMED,2.462344253,1.8113,180.1,1.33,5736.0,1.008,1326.0
2149,8557374,K00692.02,Kepler-213 c,CONFIRMED,4.822969318,0.8752,332.1,2.22,5736.0,1.008,1060.0
2150,8738735,K00693.01,Kepler-214 c,CONFIRMED,28.7796446,8.349,253.2,1.95,6000.0,1.044,619.0
2151,8738735,K00693.02,Kepler-214 b,CONFIRMED,15.66057688,7.012,384.1,2.05,6000.0,1.044,758.0
2152,8802165,K00694.01,Kepler-648 b,CONFIRMED,17.42115972,4.9974,928.1,3.11,5679.0,0.972,674.0
2153,10271806,K00733.03,Kepler-224 b,CONFIRMED,3.13295351,2.2207,435.2,1.39,5016.0,0.679,937.0
2154,10271806,K00733.04,Kepler-224 e,CONFIRMED,18.64349986,1.8491,813.4,2.14,5016.0,0.679,517.0
2155,10272442,K00734.01,Kepler-657 b,CONFIRMED,24.5434566,7.2518,1151.3,3.08,5955.0,0.91,616.0
2156,10984090,K00112.01,Kepler-466 b,CONFIRMED,51.07926451,6.3729,736.8,2.75,5833.0,1.022,503.0
2157,8805348,K00695.01,Kepler-649 b,CONFIRMED,29.90721859,4.8475,588.0,2.16,5739.0,0.896,564.0
2158,8878187,K00697.01,Kepler-650 b,CONFIRMED,3.032147946,3.8627,488.6,3.62,5827.0,1.447,1507.0
2159,4914423,K00108.01,Kepler-103 b,CONFIRMED,15.96532718,4.5837,482.2,3.33,5880.0,1.433,872.0
2160,10340423,K00736.01,Kepler-225 c,CONFIRMED,18.79418506,3.2906,1529.0,2.33,4126.0,0.602,412.0
2161,10340423,K00736.02,Kepler-225 b,CONFIRMED,6.73893544,2.813,601.3,1.44,4126.0,0.602,579.0
2162,10358759,K00738.01,Kepler-29 b,CONFIRMED,10.3392408,3.075,1184.6,2.98,5730.0,0.87,777.0
2163,5374854,K00645.01,Kepler-633 b,CONFIRMED,8.50339249,2.9569,188.9,1.95,5877.0,1.265,1021.0
2164,5374854,K00645.02,Kepler-633 c,CONFIRMED,23.7832097,7.939,256.5,2.01,5877.0,1.265,725.0
2165,5531694,K00647.01,Kepler-634 b,CONFIRMED,5.16949729,4.5122,210.6,2.06,6011.0,1.409,1309.0
2166,8962094,K00700.01,Kepler-215 d,CONFIRMED,30.86436512,2.9557,551.3,2.23,5677.0,0.828,527.0
2167,8962094,K00700.02,Kepler-215 b,CONFIRMED,9.36059705,3.2069,236.5,1.42,5677.0,0.828,784.0
2168,8962094,K00700.03,Kepler-215 c,CONFIRMED,14.6672293,3.742,198.1,1.21,5677.0,0.828,675.0
2169,8962094,K00700.04,Kepler-215 e,CONFIRMED,68.1609897,5.662,295.6,1.45,5677.0,0.828,405.0
2170,10358759,K00738.02,Kepler-29 c,CONFIRMED,13.28689997,3.2825,1039.6,2.78,5730.0,0.87,715.0
2171,10386984,K00739.01,Kepler-658 b,CONFIRMED,1.287076693,1.4942,729.4,1.39,3736.0,0.525,871.0
2172,10395381,K00740.01,Kepler-659 b,CONFIRMED,17.6717714,3.4202,918.6,2.44,4869.0,0.687,513.0
2173,5613330,K00649.01,Kepler-635 b,CONFIRMED,23.44970494,8.6567,315.6,2.71,6188.0,1.524,802.0
2174,8456679,K00102.01,Kepler-1990 b,CONFIRMED,1.73513619,2.2741,952.6,3.27,5751.0,1.071,1554.0
2175,5786676,K00650.01,Kepler-1665 b,CONFIRMED,11.95474513,2.1433,903.4,5.15,5059.0,1.657,906.0
2176,5796675,K00652.01,Kepler-636 b,CONFIRMED,16.080657264,2.8701,3076.0,4.43,5303.0,0.817,614.0
2177,9002278,K00701.01,Kepler-62 d,CONFIRMED,18.16407304,2.9355,943.2,1.98,4926.0,0.662,508.0
2178,9002278,K00701.02,Kepler-62 b,CONFIRMED,5.71489692,2.3572,425.9,1.33,4926.0,0.662,747.0
2179,9002278,K00701.03,Kepler-62 e,CONFIRMED,122.3858681,7.123,711.1,1.72,4926.0,0.662,269.0
2180,4914423,K00108.02,Kepler-103 c,CONFIRMED,179.609803,13.755,1273.0,5.47,5880.0,1.433,389.0
2181,5941160,K00654.01,Kepler-200 b,CONFIRMED,8.59481851,3.254,336.5,1.75,5675.0,0.915,854.0
2182,5941160,K00654.02,Kepler-200 c,CONFIRMED,10.22215697,1.1939,238.2,1.72,5675.0,0.915,806.0
2183,5966154,K00655.01,Kepler-201 b,CONFIRMED,25.6721559,5.9629,387.1,2.68,6034.0,1.179,683.0
2184,5966154,K00655.02,Kepler-201 c,CONFIRMED,151.8851881,12.091,360.6,2.47,6034.0,1.179,378.0
2185,9266431,K00704.01,Kepler-1726 b,CONFIRMED,18.39629744,2.7838,680.2,2.47,5316.0,0.804,582.0
2186,9458613,K00707.01,Kepler-33 d,CONFIRMED,21.77568158,7.9588,797.9,4.76,5900.0,1.694,853.0
2187,9458613,K00707.02,Kepler-33 f,CONFIRMED,41.0283424,9.8052,541.4,3.92,5900.0,1.694,691.0
2188,6020753,K00657.01,Kepler-202 b,CONFIRMED,4.069425638,2.0396,549.1,1.53,4671.0,0.68,802.0
2189,8456679,K00102.02,Kepler-1990 c,CONFIRMED,4.06844957,2.8349,79.8,0.98,5751.0,1.071,1170.0
2190,6020753,K00657.02,Kepler-202 c,CONFIRMED,16.28247625,2.9227,792.6,1.88,4671.0,0.68,505.0
2191,6062088,K00658.01,Kepler-203 b,CONFIRMED,3.162692075,1.9529,503.7,2.61,5821.0,1.085,1308.0
2192,9458613,K00707.03,Kepler-33 e,CONFIRMED,31.7848157,8.8077,444.5,3.55,5900.0,1.694,752.0
2193,9458613,K00707.04,Kepler-33 c,CONFIRMED,13.17555999,6.6677,280.0,2.82,5900.0,1.694,1009.0
2194,9458613,K00707.05,Kepler-33 b,CONFIRMED,5.66815821,4.9064,119.7,1.85,5900.0,1.694,1336.0
2195,9530945,K00708.01,Kepler-216 c,CONFIRMED,17.40665216,6.864,586.9,2.95,6086.0,1.216,814.0
2196,6062088,K00658.02,Kepler-203 c,CONFIRMED,5.370639542,2.1121,491.3,2.54,5821.0,1.085,1096.0
2197,6062088,K00658.03,Kepler-203 d,CONFIRMED,11.32977062,3.845,162.4,1.37,5821.0,1.085,855.0
2198,6125481,K00659.01,Kepler-637 b,CONFIRMED,23.20579353,4.3243,342.5,5.86,5460.0,3.231,1002.0
2199,6267535,K00660.01,Kepler-638 b,CONFIRMED,6.07972016,7.1228,290.8,2.32,5460.0,1.346,1111.0
2200,6347299,K00661.01,Kepler-204 b,CONFIRMED,14.40090414,4.1682,379.6,2.71,5815.0,1.198,828.0
2201,9530945,K00708.02,Kepler-216 b,CONFIRMED,7.69363627,5.0324,295.1,2.12,6086.0,1.216,1069.0
2202,9578686,K00709.01,Kepler-651 b,CONFIRMED,21.3851584,4.0819,663.9,2.17,5376.0,0.825,574.0
2203,9590976,K00710.01,Kepler-217 b,CONFIRMED,5.37493289,3.9567,155.8,2.12,6167.0,1.689,1413.0
2204,9590976,K00710.02,Kepler-217 c,CONFIRMED,8.58600968,3.3443,102.1,1.84,6167.0,1.689,1208.0
2205,9590976,K00710.03,Kepler-217 d,CONFIRMED,3.88688862,3.683,58.3,1.29,6167.0,1.689,1574.0
2206,4832837,K00605.01,Kepler-621 b,CONFIRMED,2.628117322,1.8289,936.8,1.77,3939.0,0.557,737.0
2207,6347299,K00661.02,Kepler-204 c,CONFIRMED,25.6613816,4.459,166.5,1.78,5815.0,1.198,683.0
2208,6365156,K00662.01,Kepler-639 b,CONFIRMED,10.21418792,5.8201,303.8,2.29,5843.0,1.332,957.0
2209,6425957,K00663.01,Kepler-205 b,CONFIRMED,2.755637216,1.8559,536.7,1.37,4121.0,0.553,757.0
2210,2444412,K00103.01,Kepler-1710 b,CONFIRMED,14.91095177,3.325,864.5,2.62,5650.0,0.899,694.0
2211,6425957,K00663.02,Kepler-205 c,CONFIRMED,20.30652862,2.8014,715.4,1.58,4121.0,0.553,389.0
2212,9597345,K00711.01,Kepler-218 c,CONFIRMED,44.6996563,6.2289,837.7,3.05,5497.0,1.046,500.0
2213,9597345,K00711.02,Kepler-218 b,CONFIRMED,3.619309734,3.0504,206.6,1.47,5497.0,1.046,1156.0
2214,9597345,K00711.03,Kepler-218 d,CONFIRMED,124.5245224,9.654,689.9,2.69,5497.0,1.046,356.0
2215,5686174,K00610.01,Kepler-622 b,CONFIRMED,14.28228147,2.6588,983.2,1.82,4102.0,0.595,446.0
2216,6462863,K00094.04,Kepler-89 b,CONFIRMED,3.743166733,3.6888,126.3,1.5,6181.0,1.331,1423.0
2217,6442340,K00664.01,Kepler-206 c,CONFIRMED,13.13747785,4.8655,212.8,1.85,5762.0,1.143,825.0
2218,6442340,K00664.02,Kepler-206 b,CONFIRMED,7.78199862,3.947,106.9,1.32,5762.0,1.143,983.0
2219,6442340,K00664.03,Kepler-206 d,CONFIRMED,23.4433748,5.768,85.0,1.29,5762.0,1.143,681.0
2220,6685609,K00665.01,Kepler-207 d,CONFIRMED,5.868066282,4.1246,436.5,3.6,5918.0,1.555,1254.0
2221,6685609,K00665.02,Kepler-207 b,CONFIRMED,1.61189046,3.0792,101.1,1.72,5918.0,1.555,1930.0
2222,9450647,K00110.01,Kepler-465 b,CONFIRMED,9.940666412,3.9092,520.2,2.87,6215.0,1.259,996.0
2223,9702072,K00714.01,Kepler-652 b,CONFIRMED,4.182001885,2.2209,847.4,2.46,5328.0,0.865,974.0
2224,9873254,K00717.01,Kepler-653 b,CONFIRMED,14.70749512,3.1506,262.0,2.04,5676.0,1.28,819.0
2225,6587002,K00612.01,Kepler-196 b,CONFIRMED,20.73989406,3.1505,616.1,2.11,5132.0,0.77,536.0
2226,6587002,K00612.02,Kepler-196 c,CONFIRMED,47.4277116,5.2679,820.4,2.33,5132.0,0.77,407.0
2227,7368664,K00614.01,Kepler-434 b,CONFIRMED,12.874712426,2.2491,3860.7,11.26,5963.0,1.424,926.0
2228,6685609,K00665.03,Kepler-207 c,CONFIRMED,3.07155284,4.0935,86.0,1.65,5918.0,1.555,1556.0
2229,6707835,K00666.01,Kepler-640 b,CONFIRMED,22.24814617,4.1483,613.7,2.72,5629.0,0.943,609.0
2230,10318874,K00104.01,Kepler-94 b,CONFIRMED,2.508057497,1.1134,1507.6,3.25,4780.0,0.761,997.0
2231,9873254,K00717.02,Kepler-653 c,CONFIRMED,0.900375925,1.257,41.4,0.82,5676.0,1.28,2078.0
2232,9884104,K00718.01,Kepler-219 b,CONFIRMED,4.585466941,3.4437,383.5,3.29,5788.0,1.495,1307.0
2233,9884104,K00718.02,Kepler-219 c,CONFIRMED,22.71443351,6.0875,575.1,4.01,5788.0,1.495,766.0
2234,9884104,K00718.03,Kepler-219 d,CONFIRMED,47.903427,6.191,379.3,3.55,5788.0,1.495,598.0
2235,9950612,K00719.01,Kepler-220 c,CONFIRMED,9.034190783,1.5501,577.6,1.8,4499.0,0.639,586.0
2236,10353968,K00618.01,Kepler-623 b,CONFIRMED,9.07098164,2.6903,1026.2,2.94,5672.0,0.929,825.0
2237,11773022,K00620.01,Kepler-51 b,CONFIRMED,45.15535633,5.7845,6208.7,7.65,6046.0,0.972,523.0
2238,7033671,K00670.01,Kepler-641 b,CONFIRMED,9.48965527,3.587,262.2,2.16,5672.0,1.204,926.0
2239,7040629,K00671.01,Kepler-208 b,CONFIRMED,4.22865217,3.3275,150.0,1.83,5966.0,1.499,1379.0
2240,7040629,K00671.02,Kepler-208 c,CONFIRMED,7.46662068,3.87,120.9,1.65,5966.0,1.499,1141.0
2241,7040629,K00671.03,Kepler-208 e,CONFIRMED,16.25951967,3.854,129.5,1.72,5966.0,1.499,880.0
2242,7040629,K00671.04,Kepler-208 d,CONFIRMED,11.1317901,4.051,95.5,1.47,5966.0,1.499,999.0
2243,9950612,K00719.02,Kepler-220 d,CONFIRMED,28.1224393,4.174,194.3,0.9,4499.0,0.639,401.0
2244,6678383,K00111.01,Kepler-104 b,CONFIRMED,11.427550984,4.6074,500.9,2.35,5979.0,1.005,852.0
2245,9950612,K00719.03,Kepler-220 e,CONFIRMED,45.9029768,5.0041,361.8,1.18,4499.0,0.639,341.0
2246,9950612,K00719.04,Kepler-220 b,CONFIRMED,4.159816554,1.6261,160.3,0.86,4499.0,0.639,759.0
2247,9963524,K00720.01,Kepler-221 c,CONFIRMED,5.69059163,2.557,1384.3,3.1,5244.0,0.81,860.0
2248,5780885,K00097.01,Kepler-7 b,CONFIRMED,4.885488596,5.16165,7458.4,16.66,6036.0,1.909,1496.0
2249,11773022,K00620.02,Kepler-51 d,CONFIRMED,130.17802962,8.4534,11570.9,10.44,6046.0,0.972,367.0
2250,11773022,K00620.03,Kepler-51 c,CONFIRMED,85.3162004,2.7441,1902.6,6.34,6046.0,0.972,423.0
2251,12068975,K00623.01,Kepler-197 c,CONFIRMED,10.34973276,4.4859,119.0,1.44,6003.0,1.109,930.0
2252,7115785,K00672.01,Kepler-209 b,CONFIRMED,16.08786246,3.095,612.5,2.56,5506.0,0.914,668.0
2253,7115785,K00672.02,Kepler-209 c,CONFIRMED,41.74938613,5.6098,1055.4,2.94,5506.0,0.914,486.0
2254,7124613,K00673.01,Kepler-642 b,CONFIRMED,4.41746257,2.965,291.0,3.95,6570.0,2.297,1810.0
2255,8711794,K00105.01,Kepler-463 b,CONFIRMED,8.981014925,1.8478,1059.3,3.14,5666.0,0.967,880.0
2256,7277317,K00674.01,Kepler-643 b,CONFIRMED,16.33888067,9.3599,1718.4,10.47,4877.0,2.595,963.0
2257,9963524,K00720.02,Kepler-221 d,CONFIRMED,10.04157214,2.6577,1114.0,2.97,5244.0,0.81,712.0
2258,9963524,K00720.03,Kepler-221 e,CONFIRMED,18.36974658,2.939,1143.3,3.58,5244.0,0.81,582.0
2259,9963524,K00720.04,Kepler-221 b,CONFIRMED,2.79590004,2.056,383.7,1.66,5244.0,0.81,1090.0
2260,9964801,K00721.01,Kepler-654 b,CONFIRMED,13.72462702,6.9758,281.8,2.13,5817.0,1.171,831.0
2261,9965439,K00722.01,Kepler-655 b,CONFIRMED,46.40626,7.0281,469.1,2.66,6086.0,1.227,588.0
2262,12068975,K00623.02,Kepler-197 d,CONFIRMED,15.67750191,5.5082,115.5,1.42,6003.0,1.109,810.0
2263,12068975,K00623.03,Kepler-197 b,CONFIRMED,5.59931543,3.8944,84.8,1.22,6003.0,1.109,1142.0
2264,12068975,K00623.04,Kepler-197 e,CONFIRMED,25.2100146,6.553,62.1,0.95,6003.0,1.109,691.0
2265,3541946,K00624.01,Kepler-198 b,CONFIRMED,17.79001678,4.4116,871.4,2.7,5569.0,0.927,655.0
2266,3541946,K00624.02,Kepler-198 c,CONFIRMED,49.5674085,4.002,730.0,2.91,5569.0,0.927,465.0
2267,10264660,K00098.01,Kepler-14 b,CONFIRMED,6.790120801,6.0437,2302.3,9.86,6372.0,2.001,1434.0
2268,7447200,K00676.01,Kepler-210 c,CONFIRMED,7.972510087,2.9754,3139.0,3.22,3912.0,0.533,497.0
2269,7447200,K00676.02,Kepler-210 b,CONFIRMED,2.453236139,1.6691,1723.2,2.26,3912.0,0.533,737.0
2270,7509886,K00678.01,Kepler-211 c,CONFIRMED,6.0404622,1.98,241.0,1.3,5297.0,0.825,841.0
2271,7509886,K00678.02,Kepler-211 b,CONFIRMED,4.13852825,2.281,256.5,1.3,5297.0,0.825,954.0
2272,10002866,K00723.01,Kepler-222 b,CONFIRMED,3.936993144,1.887,1266.0,3.36,5431.0,0.843,1004.0
2273,10002866,K00723.02,Kepler-222 d,CONFIRMED,28.08185982,4.5288,1840.3,3.63,5431.0,0.843,522.0
2274,6678383,K00111.02,Kepler-104 c,CONFIRMED,23.66834635,5.8297,449.4,2.32,5979.0,1.005,668.0
2275,10002866,K00723.03,Kepler-222 c,CONFIRMED,10.08881066,1.7726,1995.9,4.71,5431.0,0.843,734.0
2276,3541946,K00624.03,Kepler-198 d,CONFIRMED,1.311842968,1.7876,245.1,1.43,5569.0,0.927,1562.0
2277,4478168,K00626.01,Kepler-624 b,CONFIRMED,14.58649856,4.0249,378.7,2.45,6063.0,1.191,852.0
2278,4563268,K00627.01,Kepler-625 b,CONFIRMED,7.75192755,3.5413,407.3,1.89,5604.0,0.912,852.0
2279,7515212,K00679.01,Kepler-212 c,CONFIRMED,31.80475991,8.699,360.6,2.99,5867.0,1.356,664.0
2280,7515212,K00679.02,Kepler-212 b,CONFIRMED,16.2580276,6.375,47.0,0.92,5867.0,1.356,830.0
2281,7529266,K00680.01,Kepler-435 b,CONFIRMED,8.600153929,9.0015,4510.2,26.52,6093.0,3.913,1703.0
2282,8686373,K04066.01,Kepler-1936 b,CONFIRMED,126.55719,8.079,366.4,4.59,6501.0,1.854,524.0
2283,3867615,K02289.02,Kepler-379 b,CONFIRMED,20.0983676,5.207,157.8,1.58,6053.0,1.26,775.0
2284,5530112,K04067.01,Kepler-1937 b,CONFIRMED,9.6887216,2.0,655.5,3.09,6457.0,1.196,1014.0
2285,6226908,K04068.01,Kepler-1546 b,CONFIRMED,19.597317,4.508,1014.1,3.78,5569.0,1.019,671.0
2286,5906694,K04069.01,Kepler-1938 b,CONFIRMED,13.06243545,3.244,464.3,1.36,4522.0,0.655,527.0
2287,9956082,K04139.01,Kepler-1557 b,CONFIRMED,3.74031708,2.394,165.6,1.38,6260.0,1.063,1287.0
2288,6755944,K04072.01,Kepler-1547 b,CONFIRMED,0.692978457,1.1366,61.0,2.24,6105.0,2.304,3186.0
2289,9334893,K02298.02,Kepler-1178 b,CONFIRMED,31.8055128,3.979,141.7,0.63,4729.0,0.525,378.0
2290,10000941,K04146.01,Kepler-1558 b,CONFIRMED,3.50472344,1.9464,90.7,0.8,5115.0,0.854,1019.0
2291,9455677,K04076.01,Kepler-1548 b,CONFIRMED,124.827797,6.479,647.5,2.57,5349.0,1.032,350.0
2292,11465651,K04150.01,Kepler-1941 b,CONFIRMED,31.3351094,6.071,264.9,1.99,6404.0,1.142,666.0
2293,3937814,K04084.01,Kepler-1549 b,CONFIRMED,214.881456,9.581,759.2,2.68,5323.0,0.995,286.0
2294,5881120,K04156.01,Kepler-1943 b,CONFIRMED,4.85018974,5.676,64.5,1.1,6032.0,0.973,1098.0
2295,4548098,K04157.01,Kepler-1982 b,CONFIRMED,3.82315697,2.388,47.2,0.77,6202.0,1.122,1282.0
2296,4770617,K02243.02,Kepler-1154 c,CONFIRMED,8.45805119,2.998,258.7,2.52,6172.0,1.471,1117.0
2297,6106282,K04087.01,Kepler-440 b,CONFIRMED,101.1107014,8.029,878.1,1.61,4133.0,0.561,229.0
2298,4078311,K04166.01,Kepler-1944 b,CONFIRMED,9.84262076,1.6018,626.4,2.41,5585.0,0.972,801.0
2299,11709124,K00435.05,Kepler-154 c,CONFIRMED,62.3026877,7.509,859.3,3.05,5688.0,0.971,454.0
2300,9022166,K02175.02,Kepler-368 c,CONFIRMED,72.3826983,8.279,366.4,4.21,5508.0,1.988,575.0
2301,3103227,K04091.01,Kepler-1550 b,CONFIRMED,225.585245,11.166,754.9,3.71,5929.0,1.363,348.0
2302,4850961,K04092.01,Kepler-1551 b,CONFIRMED,24.4972683,5.43,449.1,2.74,6392.0,1.162,722.0
2303,8439323,K04153.01,Kepler-1942 b,CONFIRMED,4.62602867,0.643,346.9,1.65,5834.0,0.797,1012.0
2304,4458082,K02303.02,Kepler-1181 c,CONFIRMED,8.93484887,2.579,135.9,1.83,6688.0,1.347,1124.0
2305,10714072,K04024.01,Kepler-1541 b,CONFIRMED,8.40693068,1.866,167.1,1.95,5365.0,1.533,1048.0
2306,5942808,K02250.02,Kepler-1814 c,CONFIRMED,0.626281766,1.1812,433.1,1.76,4922.0,0.823,1711.0
2307,5688683,K04097.01,Kepler-1939 b,CONFIRMED,2.790643481,0.6871,202.0,0.99,4353.0,0.603,816.0
2308,6607644,K04159.01,Kepler-1559 b,CONFIRMED,0.971915957,1.6023,73.7,0.79,5196.0,0.889,1609.0
2309,7610663,K04160.01,Kepler-1560 b,CONFIRMED,3.03196812,1.723,81.5,0.9,5755.0,0.993,1269.0
2310,8951205,K04099.01,Kepler-1940 b,CONFIRMED,4.95060632,1.719,309.5,1.28,5431.0,0.717,885.0
2311,7838675,K04169.01,Kepler-1561 b,CONFIRMED,1.005205893,1.63,97.5,0.85,5718.0,0.863,1682.0
2312,7100673,K04032.01,Kepler-1542 b,CONFIRMED,3.95116635,2.566,60.9,0.83,5574.0,1.065,1160.0
2313,7100673,K04032.02,Kepler-1542 c,CONFIRMED,2.89223998,2.521,44.3,0.7,5574.0,1.065,1287.0
2314,3747817,K04103.01,Kepler-1552 b,CONFIRMED,184.77271,9.568,951.4,2.41,5273.0,0.801,268.0
2315,9071593,K02257.02,Kepler-1162 c,CONFIRMED,59.284064,5.42,424.4,1.81,5225.0,0.859,401.0
2316,10089911,K04034.01,Kepler-1543 b,CONFIRMED,6.96704926,3.73,213.7,6.14,6303.0,3.53,1774.0
2317,11415243,K04036.01,Kepler-1544 b,CONFIRMED,168.81133,6.582,614.4,1.69,4798.0,0.707,241.0
2318,3548044,K02194.02,Kepler-371 c,CONFIRMED,67.968656,7.948,321.8,1.71,5670.0,0.95,443.0
2319,11401767,K02195.02,Kepler-372 d,CONFIRMED,30.0899459,6.654,242.6,2.25,6056.0,1.209,660.0
2320,11709124,K00435.06,Kepler-154 f,CONFIRMED,9.91937693,4.326,186.7,1.32,5688.0,0.971,838.0
2321,8613535,K02263.02,Kepler-1165 b,CONFIRMED,9.47850818,6.154,184.6,1.47,6249.0,1.076,946.0
2322,3955817,K04117.01,Kepler-1553 b,CONFIRMED,4.24263096,2.582,187.6,1.1,5072.0,0.825,926.0
2323,10360722,K04051.01,Kepler-1545 b,CONFIRMED,163.692336,6.853,1138.0,2.75,4999.0,0.843,274.0
2324,6349881,K04121.01,Kepler-1554 b,CONFIRMED,198.088873,7.955,1027.7,3.24,5275.0,0.969,288.0
2325,1718958,K04053.01,Kepler-1934 b,CONFIRMED,1.41975831,1.429,60.9,0.85,5925.0,1.035,1700.0
2326,6428794,K04054.01,Kepler-1701 b,CONFIRMED,169.135056,8.931,640.7,2.21,5171.0,0.801,273.0
2327,4673628,K04056.01,Kepler-1935 b,CONFIRMED,3.951383138,1.0582,405.7,23.51,5570.0,0.899,1083.0
2328,11401767,K02195.03,Kepler-372 b,CONFIRMED,6.84978728,4.919,139.2,1.83,6056.0,1.209,1081.0
2329,9718066,K02287.02,Kepler-378 c,CONFIRMED,28.9060526,3.099,99.0,0.79,4657.0,0.67,414.0
2330,9272070,K04126.01,Kepler-1555 b,CONFIRMED,8.10503551,4.459,209.9,1.45,6201.0,0.989,959.0
2331,5088400,K04127.01,Kepler-1556 b,CONFIRMED,8.82715783,2.019,368.6,1.67,5550.0,0.878,797.0
2332,8087812,K04343.01,Kepler-1952 b,CONFIRMED,27.2106807,10.515,99.4,1.73,5973.0,1.305,725.0
2333,5308537,K04409.01,Kepler-1955 b,CONFIRMED,14.2651545,3.601,66.3,1.06,5825.0,1.291,853.0
2334,5281113,K04411.01,Kepler-1602 b,CONFIRMED,11.17931581,3.103,90.6,1.81,6292.0,1.873,1159.0
2335,6026924,K04276.01,Kepler-1580 b,CONFIRMED,56.644452,16.551,104.6,2.44,6237.0,2.295,733.0
2336,3244792,K04347.01,Kepler-1592 b,CONFIRMED,3.0570982,3.571,144.0,0.99,6021.0,0.819,1202.0
2337,1724719,K04212.01,Kepler-1569 b,CONFIRMED,5.79179934,3.474,118.5,1.69,6174.0,1.318,1222.0
2338,8120608,K00571.05,Kepler-186 f,CONFIRMED,129.945392,5.786,500.1,1.18,3751.0,0.443,177.0
2339,9366617,K04215.01,Kepler-1570 b,CONFIRMED,26.5487294,7.968,142.0,2.54,5456.0,2.154,836.0
2340,4548011,K04288.01,Kepler-1581 b,CONFIRMED,6.28384079,4.291,35.7,0.73,5888.0,1.227,1108.0
2341,8459663,K04356.01,Kepler-1593 b,CONFIRMED,174.510276,6.689,1530.0,1.74,4367.0,0.452,186.0
2342,7046035,K04424.01,Kepler-1603 b,CONFIRMED,2.27164952,4.054,82.4,0.97,6274.0,1.062,1522.0
2343,8463346,K02529.02,Kepler-436 b,CONFIRMED,64.0019669,4.724,1112.5,2.48,4652.0,0.697,322.0
2344,5868793,K04290.01,Kepler-1582 b,CONFIRMED,4.83809469,1.096,1544.0,0.79,3187.0,0.2,354.0
2345,10063208,K04292.01,Kepler-1583 b,CONFIRMED,9.3281912,3.991,45.2,0.59,5525.0,0.888,788.0
2346,10669994,K04360.01,Kepler-1594 b,CONFIRMED,2.71603664,1.744,98.5,1.05,6011.0,1.041,1360.0
2347,9183378,K04222.01,Kepler-1571 b,CONFIRMED,3.38557445,1.879,121.9,1.63,5718.0,1.48,1476.0
2348,7596240,K04295.01,Kepler-1584 b,CONFIRMED,13.3997555,3.534,167.3,1.51,6401.0,1.15,886.0
2349,7427764,K04364.01,Kepler-1595 b,CONFIRMED,4.56383697,2.271,201.8,1.22,5408.0,0.861,980.0
2350,8416523,K04441.01,Kepler-1604 b,CONFIRMED,0.341842017,1.1554,285.6,1.72,5016.0,0.747,2023.0
2351,9872831,K04230.01,Kepler-1572 b,CONFIRMED,5.49548533,2.461,85.8,1.3,6157.0,1.392,1293.0
2352,12306058,K02541.02,Kepler-391 c,CONFIRMED,20.4853893,10.229,89.5,3.6,4938.0,3.324,1015.0
2353,8507475,K04300.01,Kepler-1585 b,CONFIRMED,3.58273837,1.523,360.5,1.64,5448.0,0.872,1064.0
2354,8773015,K04301.01,Kepler-1586 b,CONFIRMED,15.604841,4.543,73.4,1.57,6254.0,1.706,1013.0
2355,11080405,K02442.02,Kepler-386 b,CONFIRMED,12.3101351,3.797,263.7,1.51,5009.0,0.84,651.0
2356,11509504,K04232.01,Kepler-1573 b,CONFIRMED,2.61576515,2.777,120.4,1.06,6088.0,0.958,1379.0
2357,11611275,K04234.01,Kepler-1574 b,CONFIRMED,6.94245216,3.491,160.8,1.34,6108.0,1.03,1003.0
2358,11612280,K04304.01,Kepler-1587 b,CONFIRMED,9.4061364,4.882,79.5,1.14,5855.0,1.268,981.0
2359,11444514,K04371.01,Kepler-1596 b,CONFIRMED,66.373298,8.559,415.0,1.99,6143.0,0.976,471.0
2360,9886361,K02732.02,Kepler-403 d,CONFIRMED,13.61165024,7.617,95.5,1.46,6170.0,1.499,958.0
2361,9702006,K04372.01,Kepler-1953 b,CONFIRMED,6.24564633,2.459,212.0,1.06,4858.0,0.707,731.0
2362,6587002,K00612.03,Kepler-196 d,CONFIRMED,122.0804953,4.054,799.9,2.92,5132.0,0.77,297.0
2363,11718389,K04444.01,Kepler-1956 b,CONFIRMED,5.94373492,1.847,301.0,1.14,4391.0,0.682,674.0
2364,10329196,K04446.01,Kepler-1605 b,CONFIRMED,85.7567919,5.695,159.1,2.99,5037.0,2.213,528.0
2365,10604592,K04447.01,Kepler-1957 b,CONFIRMED,2.18660188,1.585,122.3,0.98,4904.0,0.772,1099.0
2366,9285568,K04241.01,Kepler-1575 b,CONFIRMED,2.55315031,1.849,185.3,1.25,5970.0,0.908,1312.0
2367,7604328,K02458.02,Kepler-1245 c,CONFIRMED,2.936587946,1.8952,279.6,1.77,5455.0,0.909,1190.0
2368,7103919,K04310.01,Kepler-1950 b,CONFIRMED,10.7769944,2.616,185.6,1.15,5455.0,0.852,752.0
2369,10722485,K04312.01,Kepler-1588 b,CONFIRMED,7.84931877,3.747,68.2,0.81,5678.0,0.99,925.0
2370,6937529,K04382.01,Kepler-1597 b,CONFIRMED,2.94648935,3.155,57.0,0.89,6481.0,1.171,1497.0
2371,5177859,K04246.01,Kepler-1576 b,CONFIRMED,6.98472143,2.724,90.7,1.19,5839.0,1.227,1059.0
2372,9883606,K04383.01,Kepler-1598 b,CONFIRMED,4.34195312,2.598,73.3,0.94,6164.0,1.09,1236.0
2373,5860968,K04384.01,Kepler-1599 b,CONFIRMED,122.358116,10.768,352.8,2.15,5998.0,1.139,407.0
2374,3645438,K04385.01,Kepler-1600 c,CONFIRMED,7.298142,3.024,370.5,1.6,5119.0,0.834,786.0
2375,8480582,K04386.01,Kepler-1702 b,CONFIRMED,18.5010898,3.179,421.1,1.62,5242.0,0.734,555.0
2376,11125613,K02485.02,Kepler-1254 c,CONFIRMED,3.60082855,1.938,296.3,1.36,4838.0,0.796,927.0
2377,10525049,K04252.01,Kepler-1948 b,CONFIRMED,15.5714121,2.294,173.5,0.72,3872.0,0.557,399.0
2378,9896018,K02579.02,Kepler-1859 c,CONFIRMED,3.59645081,2.661,149.6,1.66,5887.0,1.235,1327.0
2379,5095082,K04320.01,Kepler-1951 b,CONFIRMED,20.6579443,8.798,98.2,1.27,5468.0,1.306,728.0
2380,11560897,K02365.02,Kepler-430 c,CONFIRMED,110.978266,11.312,150.2,1.86,5883.0,1.529,463.0
2381,6752002,K04184.01,Kepler-1945 b,CONFIRMED,6.08003714,1.308,184.0,1.07,4991.0,0.804,808.0
2382,7257966,K04185.01,Kepler-1946 b,CONFIRMED,3.035206175,0.6182,696.9,3.59,5505.0,0.873,1143.0
2383,10407482,K04255.01,Kepler-1577 b,CONFIRMED,6.30558387,2.619,193.1,2.52,4934.0,1.756,1125.0
2384,5371777,K04327.01,Kepler-1589 b,CONFIRMED,0.991659646,2.215,77.3,1.19,6117.0,1.244,2102.0
2385,6879171,K04188.01,Kepler-1947 b,CONFIRMED,6.96352699,3.192,68.1,1.4,6040.0,1.686,1298.0
2386,9897364,K04189.01,Kepler-1562 b,CONFIRMED,64.2729088,12.136,1213.9,5.38,6341.0,1.299,554.0
2387,12505503,K04190.01,Kepler-1563 b,CONFIRMED,3.4327371,4.001,63.2,0.75,5757.0,0.881,1134.0
2388,10526887,K04261.01,Kepler-1578 b,CONFIRMED,1.450889836,1.753,135.7,1.21,6046.0,1.023,1700.0
2389,11125613,K02485.03,Kepler-1254 d,CONFIRMED,5.72716067,2.23,310.9,1.4,4838.0,0.796,794.0
2390,8733898,K02842.03,Kepler-446 c,CONFIRMED,3.036208739,0.9324,1820.5,1.4,3464.0,0.328,520.0
2391,9828127,K04192.01,Kepler-1564 b,CONFIRMED,18.0541469,4.587,283.1,1.51,5505.0,0.909,635.0
2392,5644412,K04194.01,Kepler-1565 b,CONFIRMED,1.538185321,1.683,277.2,1.29,5107.0,0.723,1234.0
2393,10730070,K04335.01,Kepler-1590 b,CONFIRMED,7.61758198,3.545,85.4,1.0,6202.0,1.072,1020.0
2394,2831055,K04400.01,Kepler-1601 b,CONFIRMED,2.20923119,2.392,59.8,0.84,5991.0,1.092,1507.0
2395,7703882,K04403.01,Kepler-1954 b,CONFIRMED,5.88350251,2.556,217.7,1.27,5840.0,0.849,949.0
2396,5340878,K04199.01,Kepler-1566 b,CONFIRMED,0.539915033,1.1466,97.0,0.82,5102.0,0.837,1871.0
2397,7450747,K04267.01,Kepler-1949 b,CONFIRMED,2.20829637,2.841,87.9,1.36,6028.0,1.454,1709.0
2398,7826620,K04268.01,Kepler-1579 b,CONFIRMED,0.849906734,1.141,124.3,0.59,4296.0,0.505,1139.0
2399,8890924,K04269.01,Kepler-1993 b,CONFIRMED,26.6565737,4.954,163.4,4.15,5159.0,3.062,903.0
2400,8573193,K04337.01,Kepler-1591 b,CONFIRMED,8.18504859,4.673,97.6,0.93,5984.0,0.906,892.0
2401,7673841,K02585.02,Kepler-392 c,CONFIRMED,10.42317343,2.341,71.2,1.07,5767.0,1.135,901.0
2402,5084171,K04202.01,Kepler-1567 b,CONFIRMED,153.979362,9.028,792.5,2.53,5858.0,0.903,330.0
2403,11968463,K02433.03,Kepler-385 d,CONFIRMED,56.4148314,8.075,480.1,2.9,6325.0,1.112,535.0
2404,10593535,K04204.01,Kepler-1568 b,CONFIRMED,20.9254083,6.783,109.0,1.26,5821.0,1.21,729.0
2405,5959719,K02498.02,Kepler-390 c,CONFIRMED,13.0600399,2.851,106.8,0.8,5168.0,0.769,630.0
2406,9701962,K04617.01,Kepler-1617 b,CONFIRMED,27.4784659,7.5,83.2,1.52,5432.0,1.707,736.0
2407,5977470,K04550.01,Kepler-1653 b,CONFIRMED,140.251943,6.576,567.7,1.84,4821.0,0.788,271.0
2408,11284772,K04622.01,Kepler-441 b,CONFIRMED,207.24785,6.159,809.2,1.56,4339.0,0.553,189.0
2409,6153407,K03179.01,Kepler-1911 b,CONFIRMED,5.99078221,1.699,69.9,1.03,5721.0,0.972,987.0
2410,11519187,K04625.01,Kepler-1964 b,CONFIRMED,2.440839436,0.968,509.5,21.29,4803.0,0.698,986.0
2411,8417078,K04693.01,Kepler-1619 b,CONFIRMED,23.6223571,6.852,57.0,1.07,6144.0,1.393,797.0
2412,9898017,K04484.01,Kepler-1960 b,CONFIRMED,2.29794819,2.84,83.2,0.98,6371.0,1.072,1547.0
2413,6278762,K03158.02,Kepler-444 c,CONFIRMED,4.54586982,1.756,76.5,0.65,5051.0,0.721,868.0
2414,4556468,K04491.01,Kepler-1609 b,CONFIRMED,114.336052,14.077,239.8,2.09,5802.0,1.316,429.0
2415,7747457,K04561.01,Kepler-1613 b,CONFIRMED,1.5184181,2.842,196.8,1.85,6302.0,1.269,1926.0
2416,10026502,K04706.01,Kepler-1620 b,CONFIRMED,101.952048,5.991,152.5,1.31,6210.0,1.054,428.0
2417,9002278,K00701.05,Kepler-62 c,CONFIRMED,12.4418003,3.572,78.4,0.57,4926.0,0.662,576.0
2418,11650401,K04566.01,Kepler-1614 b,CONFIRMED,3.94660745,2.705,309.4,1.4,5376.0,0.806,981.0
2419,6278762,K03158.03,Kepler-444 d,CONFIRMED,6.18943952,2.3316,83.2,0.65,5051.0,0.721,783.0
2420,9100953,K04500.01,Kepler-1610 b,CONFIRMED,8.70179611,3.048,304.1,1.37,5295.0,0.8,750.0
2421,6761777,K04571.01,Kepler-1615 b,CONFIRMED,47.3128645,11.444,217.4,3.71,5749.0,1.876,658.0
2422,9412623,K04640.01,Kepler-1618 b,CONFIRMED,6.1082945,3.493,61.1,1.06,6720.0,1.289,1267.0
2423,4735826,K03184.01,Kepler-1972 b,CONFIRMED,7.545922037,4.0329,22.2,0.68,5788.0,1.376,1084.0
2424,7778621,K04725.01,Kepler-1967 b,CONFIRMED,7.28171395,1.723,111.6,2.59,4970.0,1.806,1086.0
2425,9100953,K04500.02,Kepler-1610 c,CONFIRMED,44.9851885,4.164,617.8,2.09,5295.0,0.8,433.0
2426,6278762,K03158.04,Kepler-444 e,CONFIRMED,7.74347801,2.7878,77.8,0.62,5051.0,0.721,727.0
2427,4545570,K04506.01,Kepler-1961 b,CONFIRMED,5.60473115,2.885,210.0,1.11,5401.0,0.777,866.0
2428,11671579,K04510.01,Kepler-1611 b,CONFIRMED,5.17624997,5.261,78.7,1.31,5578.0,1.497,1243.0
2429,9216775,K04513.01,Kepler-1612 b,CONFIRMED,3.91794676,2.549,116.5,0.94,5500.0,0.87,1030.0
2430,6278762,K03158.05,Kepler-444 f,CONFIRMED,9.74048508,1.6993,121.4,0.95,5051.0,0.721,673.0
2431,9009036,K04585.01,Kepler-1616 b,CONFIRMED,6.76289308,6.204,50.9,1.21,6547.0,1.63,1337.0
2432,2857607,K04659.01,Kepler-1965 b,CONFIRMED,41.8681996,5.783,150.7,1.25,5852.0,0.837,492.0
2433,5962262,K04661.01,Kepler-1966 b,CONFIRMED,8.61742738,2.713,154.9,1.01,5009.0,0.84,733.0
2434,7429240,K04450.01,Kepler-1606 b,CONFIRMED,196.436796,8.556,631.9,2.33,5462.0,0.946,292.0
2435,5003670,K04524.01,Kepler-1962 b,CONFIRMED,7.99144696,3.639,145.0,1.53,5700.0,1.006,901.0
2436,7133294,K04473.01,Kepler-1607 b,CONFIRMED,13.6471211,8.331,75.0,1.25,5771.0,1.382,913.0
2437,4381429,K04474.01,Kepler-1608 b,CONFIRMED,16.473474,4.201,470.5,1.63,5364.0,0.754,612.0
2438,10220837,K04613.01,Kepler-1963 b,CONFIRMED,1.962282625,1.45,68.3,0.81,5726.0,0.979,1448.0
2439,6278762,K03158.01,Kepler-444 b,CONFIRMED,3.60011712,2.396,50.2,0.5,5051.0,0.721,938.0
2440,6276791,K04477.02,Kepler-1958 b,CONFIRMED,9.32867952,1.572,354.4,1.62,5749.0,0.864,806.0
2441,8636600,K04478.01,Kepler-1959 b,CONFIRMED,6.38671206,1.201,223.7,1.19,5071.0,0.811,811.0
2442,9447166,K03296.01,Kepler-1459 b,CONFIRMED,62.869463,6.842,341.7,1.96,4762.0,0.781,349.0
2443,8151055,K03298.01,Kepler-1460 b,CONFIRMED,29.9632816,2.6,893.2,2.24,4463.0,0.638,391.0
2444,3348082,K01196.02,Kepler-274 b,CONFIRMED,11.63486009,5.466,292.3,2.61,5570.0,1.548,961.0
2445,10615440,K04765.01,Kepler-1622 b,CONFIRMED,10.8118317,2.627,76.8,1.24,6025.0,1.196,922.0
2446,7510820,K03303.01,Kepler-1461 b,CONFIRMED,29.3493852,4.313,659.2,2.02,4987.0,0.722,451.0
2447,7983117,K03214.01,Kepler-1988 b,CONFIRMED,11.49500229,7.602,51.4,1.53,6033.0,1.788,1105.0
2448,6880517,K03305.01,Kepler-1462 b,CONFIRMED,65.6491001,7.298,983.9,2.52,5436.0,0.819,390.0
2449,6615511,K03306.01,Kepler-1463 b,CONFIRMED,25.1593389,5.198,358.1,1.76,5973.0,0.935,619.0
2450,3632089,K03308.01,Kepler-1464 b,CONFIRMED,31.7787564,8.093,262.0,1.5,5638.0,0.928,564.0
2451,8397947,K04772.02,Kepler-1705 b,CONFIRMED,9.0194714,5.92,191.6,1.07,5775.0,0.768,789.0
2452,9569711,K03232.01,Kepler-1912 b,CONFIRMED,6.05919881,1.365,154.2,1.21,5734.0,0.962,976.0
2453,12314973,K00279.03,Kepler-450 d,CONFIRMED,7.5143967,4.865,36.3,0.96,6206.0,1.573,1199.0
2454,3348082,K01196.03,Kepler-274 c,CONFIRMED,33.1981761,4.709,336.7,3.21,5570.0,1.548,678.0
2455,3632089,K03308.02,Kepler-1464 c,CONFIRMED,5.32784157,4.696,87.2,0.86,5638.0,0.928,1023.0
2456,12735830,K03311.01,Kepler-1465 b,CONFIRMED,31.827649,1.639,520.0,4.98,4774.0,1.954,668.0
2457,6592335,K04777.01,Kepler-1971 b,CONFIRMED,0.824000125,0.855,183.1,0.42,3396.0,0.28,746.0
2458,10057494,K03234.01,Kepler-1443 b,CONFIRMED,2.41810158,2.144,46.8,0.85,6258.0,1.239,1602.0
2459,6587796,K03237.01,Kepler-1444 b,CONFIRMED,33.4203001,5.307,436.6,2.46,5731.0,1.066,581.0
2460,8554701,K03315.01,Kepler-1466 b,CONFIRMED,31.1748311,3.79,200.2,1.31,6086.0,0.921,585.0
2461,9031209,K03316.01,Kepler-1467 b,CONFIRMED,47.0568476,5.2232,1531.2,2.84,5288.0,0.74,411.0
2462,8073705,K03245.01,Kepler-1445 b,CONFIRMED,10.60052083,4.509,60.9,1.09,6035.0,1.303,987.0
2463,4271474,K03324.01,Kepler-1469 b,CONFIRMED,21.8634638,3.542,871.0,2.37,5383.0,0.789,551.0
2464,11497958,K01422.04,Kepler-296 f,CONFIRMED,63.3354719,3.651,983.0,1.18,3526.0,0.383,202.0
2465,9885417,K03246.01,Kepler-1446 b,CONFIRMED,0.689967868,1.1688,122.9,0.78,4872.0,0.726,1539.0
2466,8331612,K03318.01,Kepler-1915 b,CONFIRMED,13.8353959,4.961,818.0,3.78,6020.0,1.057,809.0
2467,5965819,K03319.01,Kepler-1468 d,CONFIRMED,19.5906103,6.745,297.0,2.64,5794.0,1.496,819.0
2468,5965819,K03319.02,Kepler-1468 b,CONFIRMED,8.23983041,5.619,251.0,2.35,5794.0,1.496,1093.0
2469,8183288,K03255.01,Kepler-437 b,CONFIRMED,66.6504521,5.744,536.9,1.56,4550.0,0.679,308.0
2470,5965819,K03319.03,Kepler-1468 c,CONFIRMED,3.54553077,4.143,119.2,1.62,5794.0,1.496,1448.0
2471,8280511,K01151.03,Kepler-271 d,CONFIRMED,5.24970432,2.746,61.9,0.67,5528.0,0.853,954.0
2472,12156174,K03260.01,Kepler-1447 b,CONFIRMED,56.6746666,5.516,883.1,4.01,5541.0,1.295,522.0
2473,4736644,K03330.01,Kepler-1470 b,CONFIRMED,16.2951259,3.678,197.9,1.15,4915.0,0.812,574.0
2474,12055539,K03261.01,Kepler-1448 b,CONFIRMED,12.27057043,3.002,295.5,1.67,6075.0,0.969,811.0
2475,12056139,K03262.01,Kepler-1449 b,CONFIRMED,13.2274753,6.356,229.8,1.94,6269.0,1.155,867.0
2476,9021075,K04733.01,Kepler-1968 b,CONFIRMED,7.28116667,2.716,333.8,1.4,5008.0,0.788,744.0
2477,4473613,K04803.01,Kepler-1623 b,CONFIRMED,4.36125889,2.174,189.2,1.2,5520.0,0.873,1000.0
2478,8826007,K03266.01,Kepler-1450 b,CONFIRMED,54.5091549,5.125,622.2,1.94,4406.0,0.603,308.0
2479,8620402,K03267.01,Kepler-1913 b,CONFIRMED,14.1959621,3.605,196.2,1.66,6214.0,1.076,818.0
2480,7285757,K03271.01,Kepler-1986 b,CONFIRMED,19.5489666,1.78,523.8,1.89,5549.0,0.732,579.0
2481,5280587,K03274.01,Kepler-1451 b,CONFIRMED,35.6225528,4.845,651.1,2.24,5799.0,0.878,523.0
2482,4138008,K04742.01,Kepler-442 b,CONFIRMED,112.303136,5.869,502.1,1.3,4401.0,0.595,241.0
2483,3120904,K03277.01,Kepler-1452 b,CONFIRMED,42.9136635,5.227,160.6,3.19,6049.0,2.483,810.0
2484,11757451,K04745.01,Kepler-443 b,CONFIRMED,177.668663,9.298,901.4,2.32,4721.0,0.701,233.0
2485,8047428,K04747.01,Kepler-1621 b,CONFIRMED,92.263742,8.605,296.9,2.22,6084.0,1.283,469.0
2486,11513486,K04748.01,Kepler-1969 b,CONFIRMED,6.64754478,1.961,289.3,1.72,6046.0,1.007,999.0
2487,11189311,K03220.01,Kepler-1442 b,CONFIRMED,81.4160138,14.175,762.3,4.63,6352.0,1.401,522.0
2488,3544640,K03279.01,Kepler-1914 b,CONFIRMED,30.8278245,4.214,641.3,2.42,5982.0,0.96,585.0
2489,10653179,K03280.01,Kepler-1453 b,CONFIRMED,47.1607932,4.003,723.2,2.58,5936.0,0.965,503.0
2490,12066569,K03282.01,Kepler-1455 b,CONFIRMED,49.2768448,3.787,1132.9,1.75,3899.0,0.529,271.0
2491,6497146,K03284.01,Kepler-438 b,CONFIRMED,35.2330694,3.674,352.8,0.97,3749.0,0.524,288.0
2492,8016691,K03286.01,Kepler-1456 b,CONFIRMED,18.1373788,3.844,310.8,1.41,4257.0,0.602,433.0
2493,6584273,K03287.01,Kepler-1457 b,CONFIRMED,51.1104797,7.712,330.0,1.6,5968.0,0.881,478.0
2494,5768816,K03288.01,Kepler-1458 b,CONFIRMED,47.9869119,5.342,859.3,3.35,5641.0,0.981,493.0
2495,6368175,K03503.01,Kepler-1703 b,CONFIRMED,21.1876185,3.69,71.7,0.79,6355.0,0.849,676.0
2496,4939346,K01873.02,Kepler-328 b,CONFIRMED,34.9168399,7.343,500.0,2.39,6194.0,1.069,602.0
2497,11455428,K03365.01,Kepler-1480 b,CONFIRMED,22.1270885,4.472,418.2,3.94,5312.0,1.445,721.0
2498,6265665,K03436.01,Kepler-1499 b,CONFIRMED,44.2018402,4.949,235.6,1.14,5002.0,0.753,409.0
2499,4645174,K03437.01,Kepler-1500 b,CONFIRMED,15.0330623,6.326,132.2,2.18,5849.0,1.601,928.0
2500,11657614,K03370.02,Kepler-1481 b,CONFIRMED,5.94228603,2.169,250.0,1.23,4891.0,0.805,797.0
2501,9785921,K03372.01,Kepler-1997 b,CONFIRMED,26.7575866,5.858,455.3,2.28,6215.0,1.052,660.0
2502,6599975,K03438.01,Kepler-1501 b,CONFIRMED,14.5565618,4.554,103.8,1.08,6065.0,1.061,787.0
2503,4282191,K03439.01,Kepler-1502 b,CONFIRMED,41.7084063,8.567,330.0,2.19,6434.0,1.138,608.0
2504,3559860,K03440.01,Kepler-1980 b,CONFIRMED,33.0257179,6.032,507.1,2.21,5819.0,0.99,564.0
2505,9967771,K01875.02,Kepler-990 c,CONFIRMED,0.53835407,1.5045,190.2,1.67,5539.0,1.207,2386.0
2506,6705026,K03374.01,Kepler-1483 b,CONFIRMED,9.5084871,4.372,97.9,1.65,6144.0,1.668,1131.0
2507,6779726,K03375.01,Kepler-1918 b,CONFIRMED,47.0563327,4.807,762.0,2.57,5889.0,0.924,497.0
2508,7288306,K03443.01,Kepler-1503 b,CONFIRMED,96.169569,7.496,894.5,2.07,5340.0,0.702,321.0
2509,11860395,K03445.01,Kepler-1504 b,CONFIRMED,82.303914,15.404,737.0,4.47,5602.0,1.425,485.0
2510,9529744,K01806.02,Kepler-320 c,CONFIRMED,17.9346606,6.25,142.7,2.8,6426.0,1.775,1002.0
2511,2995392,K03379.01,Kepler-1484 b,CONFIRMED,30.4544418,6.896,472.1,2.6,6283.0,0.984,624.0
2512,8078502,K03383.01,Kepler-1919 b,CONFIRMED,37.8862977,5.218,672.2,2.09,5513.0,0.818,479.0
2513,6975129,K01628.02,Kepler-312 b,CONFIRMED,1.772451066,2.4592,79.2,1.02,6243.0,1.149,1685.0
2514,8644365,K03384.02,Kepler-1485 b,CONFIRMED,19.9158863,6.191,143.2,1.41,6047.0,1.092,728.0
2515,6364582,K03456.01,Kepler-1505 b,CONFIRMED,30.8609783,4.216,128.9,1.08,5627.0,0.833,525.0
2516,9529744,K01806.03,Kepler-320 b,CONFIRMED,8.37159554,5.252,98.0,2.39,6426.0,1.775,1292.0
2517,10328393,K01905.02,Kepler-332 c,CONFIRMED,15.99560373,3.471,221.7,1.04,4955.0,0.721,550.0
2518,6118370,K03458.01,Kepler-1506 b,CONFIRMED,14.0328775,6.684,210.9,1.45,6063.0,1.001,783.0
2519,2717158,K03459.01,Kepler-1922 b,CONFIRMED,13.2226149,4.337,261.7,1.75,5931.0,0.863,740.0
2520,11521793,K00352.02,Kepler-143 b,CONFIRMED,16.00747237,1.267,277.6,2.99,5857.0,1.305,838.0
2521,9085563,K03393.01,Kepler-1486 b,CONFIRMED,54.6493679,7.962,432.5,2.64,5751.0,1.282,538.0
2522,11337372,K01650.02,Kepler-920 c,CONFIRMED,100.8276725,8.39,1778.8,4.35,5301.0,0.977,364.0
2523,9763612,K03465.01,Kepler-1507 b,CONFIRMED,16.0505464,3.171,94.4,0.81,5428.0,0.853,630.0
2524,3561464,K03398.01,Kepler-1487 b,CONFIRMED,7.31945294,4.881,166.8,5.05,5745.0,3.955,1682.0
2525,3561464,K03398.02,Kepler-1487 c,CONFIRMED,35.8007112,8.219,417.4,7.97,5745.0,3.955,991.0
2526,5213404,K03468.01,Kepler-1508 b,CONFIRMED,20.7057153,9.678,115.9,3.22,5668.0,2.437,967.0
2527,11551692,K01781.03,Kepler-411 d,CONFIRMED,58.0198583,5.348,1286.6,3.46,4920.0,0.72,354.0
2528,5531953,K01681.02,Kepler-1984 b,CONFIRMED,1.992812339,2.066,314.8,6.81,3638.0,0.42,675.0
2529,11754430,K03403.01,Kepler-1488 b,CONFIRMED,39.818832,10.757,199.1,2.23,5710.0,1.524,650.0
2530,9995771,K03470.02,Kepler-1509 b,CONFIRMED,25.4337864,6.514,302.0,2.0,5806.0,1.158,667.0
2531,5213230,K03474.01,Kepler-1923 b,CONFIRMED,52.6095103,8.202,203.7,1.83,5881.0,1.294,553.0
2532,3326377,K01830.02,Kepler-967 c,CONFIRMED,198.7106251,8.638,2094.8,3.56,5180.0,0.8,258.0
2533,10922659,K03335.01,Kepler-1916 b,CONFIRMED,31.2543238,5.662,438.0,2.29,6246.0,1.092,635.0
2534,6021275,K00284.04,Kepler-132 e,CONFIRMED,110.2867031,4.427,145.3,1.41,5931.0,1.101,414.0
2535,7869917,K01525.02,Kepler-880 c,CONFIRMED,11.8061737,4.472,88.1,2.87,6900.0,2.599,1407.0
2536,11754430,K03403.02,Kepler-1488 c,CONFIRMED,6.15828666,6.329,57.7,1.2,5710.0,1.524,1212.0
2537,8409295,K03404.01,Kepler-1489 b,CONFIRMED,82.292865,7.048,371.1,1.82,5626.0,0.957,400.0
2538,7131760,K03407.01,Kepler-1490 b,CONFIRMED,92.436978,6.432,955.2,2.89,5595.0,0.741,348.0
2539,11853878,K01833.02,Kepler-968 d,CONFIRMED,7.68433346,1.4346,1175.0,2.58,4402.0,0.572,583.0
2540,9285265,K03410.01,Kepler-1491 b,CONFIRMED,16.5860329,7.043,231.3,2.09,5626.0,1.389,821.0
2541,5780930,K03412.01,Kepler-1492 b,CONFIRMED,16.7525077,3.174,338.3,3.65,4807.0,1.802,801.0
2542,7288444,K03482.01,Kepler-1924 b,CONFIRMED,15.3317719,5.467,179.2,1.91,5726.0,1.285,821.0
2543,10881457,K03484.01,Kepler-1510 b,CONFIRMED,84.704139,10.393,655.7,4.17,6085.0,1.634,537.0
2544,11810124,K03344.01,Kepler-1471 c,CONFIRMED,11.6044881,3.409,267.6,1.88,5533.0,1.166,841.0
2545,3433668,K03415.01,Kepler-1493 b,CONFIRMED,15.0219784,5.068,96.9,1.77,5831.0,1.382,874.0
2546,7503885,K03417.01,Kepler-1494 b,CONFIRMED,91.078624,10.304,738.6,3.26,5915.0,1.008,415.0
2547,3629330,K03418.01,Kepler-1495 b,CONFIRMED,85.272459,13.31,767.8,3.85,5922.0,1.057,443.0
2548,11853878,K01833.03,Kepler-968 c,CONFIRMED,5.70940795,1.622,586.7,1.51,4402.0,0.572,644.0
2549,11810124,K03344.02,Kepler-1471 b,CONFIRMED,3.63898953,2.252,209.6,1.68,5533.0,1.166,1238.0
2550,11303322,K03345.01,Kepler-1472 b,CONFIRMED,38.1303324,6.53,180.4,1.54,6370.0,1.106,613.0
2551,11241912,K03346.01,Kepler-1473 b,CONFIRMED,14.42735088,4.857,117.0,1.53,5929.0,1.04,783.0
2552,8824737,K03347.01,Kepler-1917 b,CONFIRMED,12.90235874,2.446,354.4,1.49,5530.0,0.788,675.0
2553,9349757,K03348.01,Kepler-1474 b,CONFIRMED,36.4337867,4.388,406.8,2.2,5566.0,1.099,561.0
2554,7703955,K01707.02,Kepler-315 c,CONFIRMED,265.47847,10.28,1040.7,4.2,5792.0,1.005,291.0
2555,8880123,K03493.01,Kepler-1925 b,CONFIRMED,46.7162336,7.259,345.5,2.03,5856.0,1.092,531.0
2556,8636333,K03349.01,Kepler-1475 b,CONFIRMED,82.175197,8.664,546.4,2.24,6247.0,0.954,441.0
2557,8081239,K03352.01,Kepler-1476 b,CONFIRMED,10.35857039,2.577,273.7,1.68,5893.0,1.02,860.0
2558,3745559,K03423.01,Kepler-1920 b,CONFIRMED,30.2541186,2.134,576.3,2.8,6277.0,1.161,660.0
2559,9117416,K03425.01,Kepler-1921 b,CONFIRMED,20.034708,6.49,124.4,2.24,6120.0,2.0,967.0
2560,9117416,K03425.02,Kepler-1921 c,CONFIRMED,3.15722086,3.762,49.7,1.41,6120.0,2.0,1791.0
2561,7517261,K03496.01,Kepler-1511 b,CONFIRMED,23.2385587,8.432,161.2,2.18,6602.0,1.685,903.0
2562,8424002,K03497.01,Kepler-1512 b,CONFIRMED,20.35971899,2.1521,345.7,0.8,3419.0,0.344,276.0
2563,10657406,K01837.02,Kepler-969 c,CONFIRMED,1.682934607,1.8846,142.7,1.06,5201.0,0.834,1270.0
2564,7091432,K03353.01,Kepler-1477 b,CONFIRMED,11.55532445,3.499,250.0,1.7,5149.0,0.803,674.0
2565,6368230,K03356.01,Kepler-1478 b,CONFIRMED,26.0841212,6.141,259.7,1.35,6083.0,0.835,598.0
2566,9027909,K03428.01,Kepler-1496 b,CONFIRMED,64.6589166,7.71,235.4,2.12,5821.0,1.395,535.0
2567,9230021,K03429.02,Kepler-1497 b,CONFIRMED,8.74192361,4.235,295.7,1.94,5596.0,1.145,924.0
2568,8552719,K01792.03,Kepler-953 c,CONFIRMED,9.10969334,5.3181,126.4,1.32,5611.0,1.073,873.0
2569,6058816,K03500.01,Kepler-1927 b,CONFIRMED,73.7502765,13.309,233.1,3.78,6056.0,2.481,677.0
2570,6619815,K03361.01,Kepler-1696 b,CONFIRMED,65.9407869,7.776,580.4,2.33,5982.0,0.96,454.0
2571,11651712,K03363.01,Kepler-1479 b,CONFIRMED,14.53260546,2.4212,328.9,1.69,6003.0,0.932,746.0
2572,9896558,K01718.02,Kepler-937 c,CONFIRMED,153.348739,12.205,388.0,2.14,6127.0,1.08,377.0
2573,8738775,K03432.01,Kepler-1498 b,CONFIRMED,48.0506878,7.999,274.5,2.36,5332.0,1.453,564.0
2574,3728432,K03893.01,Kepler-1526 b,CONFIRMED,3.90863457,1.7704,867.2,1.86,4518.0,0.653,787.0
2575,6696580,K02092.03,Kepler-359 d,CONFIRMED,77.086191,4.77,942.8,29.77,6228.0,1.049,464.0
2576,9892816,K01955.03,Kepler-342 e,CONFIRMED,1.644221032,2.9122,47.8,1.18,6297.0,1.369,1897.0
2577,5384079,K02011.02,Kepler-348 c,CONFIRMED,17.2653659,5.02,67.9,1.16,6388.0,1.402,888.0
2578,11709124,K00435.03,Kepler-154 b,CONFIRMED,33.0405509,3.3613,577.4,2.36,5688.0,0.971,561.0
2579,9480535,K03901.01,Kepler-1527 b,CONFIRMED,160.130899,13.775,1183.0,6.67,6092.0,1.759,450.0
2580,3128552,K02055.02,Kepler-1073 c,CONFIRMED,4.02582434,2.8059,265.3,1.79,5509.0,1.116,1169.0
2581,9892816,K01955.04,Kepler-342 c,CONFIRMED,26.2347447,3.536,196.5,2.76,6297.0,1.369,754.0
2582,4150804,K03678.01,Kepler-1513 b,CONFIRMED,160.88451966,10.8771,7590.4,9.09,5650.0,1.044,346.0
2583,9025971,K03680.01,Kepler-1657 b,CONFIRMED,141.2415405,6.7645,12990.5,11.49,5705.0,1.017,352.0
2584,2581316,K03681.01,Kepler-1514 b,CONFIRMED,217.83184293,21.306,9148.7,11.17,6259.0,1.167,343.0
2585,2581554,K03835.01,Kepler-1521 b,CONFIRMED,47.1484324,3.1347,1113.8,2.58,4975.0,0.734,391.0
2586,3128552,K02055.03,Kepler-1073 d,CONFIRMED,2.50475282,2.376,181.1,1.48,5509.0,1.116,1369.0
2587,10363115,K03908.01,Kepler-1929 b,CONFIRMED,59.3627946,13.972,233.6,2.23,5786.0,1.471,566.0
2588,9761615,K03911.01,Kepler-1528 b,CONFIRMED,1.79110997,2.0917,167.5,1.29,6040.0,0.999,1549.0
2589,2581316,K03681.02,Kepler-1514 c,CONFIRMED,10.51421162,3.877,85.4,1.25,6259.0,1.167,943.0
2590,10795103,K03683.01,Kepler-1515 b,CONFIRMED,214.3120439,16.2938,4523.4,9.17,6471.0,1.357,380.0
2591,8494410,K03685.02,Kepler-1516 b,CONFIRMED,7.2593226,6.1394,247.5,1.57,5914.0,0.987,967.0
2592,5784777,K03916.01,Kepler-1529 b,CONFIRMED,5.33905606,1.6415,755.5,1.9,5057.0,0.704,817.0
2593,6949061,K01960.02,Kepler-343 c,CONFIRMED,23.2218115,2.744,210.4,2.42,5808.0,1.374,746.0
2594,7102316,K02028.03,Kepler-351 d,CONFIRMED,142.545,8.75,905.4,2.52,5642.0,0.846,318.0
2595,11518142,K03762.01,Kepler-1519 b,CONFIRMED,240.7990472,16.666,5022.9,10.31,5758.0,1.385,342.0
2596,10788461,K03925.01,Kepler-1530 d,CONFIRMED,9.2075634,3.365,1243.1,5.5,5678.0,1.303,972.0
2597,10788461,K03925.02,Kepler-1530 b,CONFIRMED,2.5903958,2.088,330.9,2.55,5678.0,1.303,1484.0
2598,10788461,K03925.03,Kepler-1530 c,CONFIRMED,5.3235335,2.714,342.4,2.69,5678.0,1.303,1167.0
2599,12784167,K03848.01,Kepler-1522 b,CONFIRMED,1.847892736,1.8904,323.3,1.51,5763.0,0.842,1374.0
2600,11253711,K01972.02,Kepler-1031 b,CONFIRMED,1.226223959,2.1689,56.1,1.0,5855.0,1.34,2024.0
2601,9489524,K02029.03,Kepler-352 d,CONFIRMED,6.8873113,2.214,85.3,0.72,5208.0,0.772,788.0
2602,11709124,K00435.04,Kepler-154 e,CONFIRMED,3.93276627,2.9403,234.9,1.5,5688.0,0.971,1140.0
2603,8505920,K02094.02,Kepler-1090 b,CONFIRMED,198.680859,8.282,645.4,2.79,5330.0,1.013,297.0
2604,4242692,K03928.01,Kepler-1531 b,CONFIRMED,1.138548215,2.1482,66.2,1.45,6520.0,1.713,2537.0
2605,6105462,K02098.02,Kepler-1093 c,CONFIRMED,89.7224125,10.963,263.7,2.21,6429.0,1.262,508.0
2606,8257205,K01986.02,Kepler-1038 c,CONFIRMED,7.12766417,2.491,229.2,1.21,5159.0,0.821,784.0
2607,4164922,K03864.01,Kepler-1698 b,CONFIRMED,1.210693626,1.434,159.1,0.99,5014.0,0.756,1351.0
2608,12061969,K02061.02,Kepler-2001 b,CONFIRMED,1.090011003,1.5,174.8,1.04,5081.0,0.77,1402.0
2609,10328393,K01905.03,Kepler-332 d,CONFIRMED,34.2115022,4.947,273.8,1.15,4955.0,0.721,427.0
2610,5437945,K03791.01,Kepler-460 b,CONFIRMED,440.7843755,21.693,2579.0,7.23,6340.0,1.393,308.0
2611,9353742,K03867.01,Kepler-1523 b,CONFIRMED,0.938750221,1.3568,280.7,1.46,5497.0,0.886,1676.0
2612,9101496,K01915.02,Kepler-335 c,CONFIRMED,67.844689,11.757,211.2,2.65,5878.0,1.812,592.0
2613,11450414,K01992.02,Kepler-347 c,CONFIRMED,27.3214242,4.836,279.6,3.61,5592.0,1.451,705.0
2614,12557548,K03794.01,Kepler-1520 b,CONFIRMED,0.65355361,1.63,4595.9,22.95,4550.0,0.66,1437.0
2615,3657758,K02034.02,Kepler-1065 c,CONFIRMED,2.3702932,1.666,224.8,1.29,5668.0,0.868,1256.0
2616,9517393,K02076.02,Kepler-1085 b,CONFIRMED,219.3215562,12.4124,3628.7,6.11,6063.0,1.012,313.0
2617,3440118,K03876.01,Kepler-1928 b,CONFIRMED,19.57783279,1.9857,432.6,1.96,5620.0,0.884,621.0
2618,4472818,K03878.01,Kepler-1524 b,CONFIRMED,70.9672087,6.9623,784.7,2.84,5818.0,0.986,438.0
2619,9411166,K01922.03,Kepler-1016 c,CONFIRMED,105.6552651,9.39,1366.9,4.22,5741.0,1.136,407.0
2620,12154526,K02004.02,Kepler-1047 c,CONFIRMED,3.18899015,2.722,66.2,0.98,5700.0,1.176,1309.0
2621,8804845,K02039.02,Kepler-1067 b,CONFIRMED,0.762132307,1.22,63.7,0.75,5594.0,0.934,1872.0
2622,7515679,K03728.01,Kepler-1517 b,CONFIRMED,5.546083089,2.717,2211.0,22.27,7358.0,4.037,2336.0
2623,9351316,K02078.02,Kepler-1086 c,CONFIRMED,161.515617,6.548,2215.3,2.88,4243.0,0.641,211.0
2624,5202905,K01932.02,Kepler-340 b,CONFIRMED,14.8444836,6.091,177.9,2.49,6642.0,1.846,1092.0
2625,11760860,K03892.01,Kepler-1525 b,CONFIRMED,2.41660149,1.9699,83.6,0.92,5705.0,1.026,1343.0
2626,12735740,K03663.01,Kepler-86 b,CONFIRMED,282.5253558,10.7965,9746.4,8.98,5725.0,0.913,264.0
2627,8552719,K01792.01,Kepler-953 b,CONFIRMED,88.40678718,12.3079,1724.4,4.55,5611.0,1.073,410.0
2628,3732035,K03966.01,Kepler-1535 b,CONFIRMED,138.944022,10.611,530.2,2.57,6014.0,1.115,384.0
2629,5195172,K01671.01,Kepler-1763 b,CONFIRMED,1.480283464,2.486,60.5,0.97,5897.0,1.259,1822.0
2630,8832512,K01821.01,Kepler-963 b,CONFIRMED,9.97682072,3.4873,966.8,2.85,5500.0,0.928,802.0
2631,9280239,K03975.01,Kepler-1536 b,CONFIRMED,364.751562,13.057,1481.5,2.89,4386.0,0.63,166.0
2632,9886255,K01846.01,Kepler-976 b,CONFIRMED,105.9566815,6.9988,2286.4,3.79,5327.0,0.8,324.0
2633,9205938,K02162.02,Kepler-1126 c,CONFIRMED,199.66876,8.996,251.9,1.45,5678.0,0.921,305.0
2634,6803855,K01695.01,Kepler-930 b,CONFIRMED,71.4523167,6.276,216.9,2.19,6148.0,1.488,561.0
2635,10153855,K01981.01,Kepler-1037 b,CONFIRMED,1.06378861,1.072,251.5,1.61,5265.0,1.002,1650.0
2636,7762723,K02663.01,Kepler-1867 b,CONFIRMED,9.88736642,4.23,68.0,0.68,5693.0,0.816,768.0
2637,4178606,K02728.01,Kepler-1326 b,CONFIRMED,42.3520039,7.773,512.6,6.3,6864.0,2.632,938.0
2638,5980208,K02742.01,Kepler-1331 b,CONFIRMED,0.789160884,0.9268,215.1,0.91,4258.0,0.622,1244.0
2639,8036287,K03984.01,Kepler-1537 b,CONFIRMED,1.44445234,0.9753,200.7,2.03,5305.0,1.449,1800.0
2640,11187436,K01804.01,Kepler-957 b,CONFIRMED,5.90741476,1.016,5569.0,5.1,4963.0,0.69,769.0
2641,9823519,K02793.01,Kepler-1350 b,CONFIRMED,4.49686066,1.7306,1932.5,1.93,3698.0,0.444,535.0
2642,7047824,K02806.01,Kepler-1353 b,CONFIRMED,24.7543849,3.39,593.3,2.1,4852.0,0.804,491.0
2643,11358389,K02163.02,Kepler-365 c,CONFIRMED,17.7838298,3.997,247.1,1.6,6014.0,1.021,729.0
2644,9602613,K02612.01,Kepler-1994 b,CONFIRMED,4.61225043,2.695,29.1,0.51,5495.0,0.961,1032.0
2645,5807769,K02614.01,Kepler-1289 b,CONFIRMED,7.99022379,3.273,165.9,1.97,5689.0,1.542,1113.0
2646,6041734,K02167.03,Kepler-1129 c,CONFIRMED,76.5369531,5.574,652.2,3.73,5596.0,1.466,503.0
2647,6606438,K02860.01,Kepler-1883 b,CONFIRMED,103.4269873,5.03,950.1,3.16,6208.0,1.024,416.0
2648,5773121,K04002.01,Kepler-1932 b,CONFIRMED,0.524175803,0.7648,236.8,1.27,5278.0,0.815,1891.0
2649,4814502,K04004.01,Kepler-1933 b,CONFIRMED,4.94330596,2.9334,126.2,1.41,5661.0,1.008,1058.0
2650,8142787,K04005.01,Kepler-439 b,CONFIRMED,178.139072,9.654,678.8,2.25,5431.0,0.879,291.0
2651,11075429,K02198.01,Kepler-1137 b,CONFIRMED,23.9210408,5.174,158.3,3.01,7121.0,1.972,1020.0
2652,11705004,K02199.01,Kepler-1806 b,CONFIRMED,9.03326435,2.857,610.7,1.96,5311.0,0.788,729.0
2653,11244682,K03933.01,Kepler-1699 b,CONFIRMED,3.490785878,1.4513,336.8,1.32,5496.0,0.725,1010.0
2654,5895158,K03935.01,Kepler-1532 b,CONFIRMED,1.093665854,1.4399,218.4,1.29,5845.0,0.874,1681.0
2655,4173026,K02172.02,Kepler-1801 c,CONFIRMED,116.583183,5.8,819.0,2.91,5738.0,0.981,371.0
2656,8934103,K04009.01,Kepler-1538 b,CONFIRMED,175.13892,10.767,634.5,3.06,5497.0,1.241,346.0
2657,4947556,K03936.02,Kepler-1930 b,CONFIRMED,13.0267964,0.785,356.6,2.08,5083.0,0.844,643.0
2658,9009953,K04014.01,Kepler-1700 b,CONFIRMED,234.240739,12.925,464.1,3.41,5814.0,1.248,329.0
2659,7679812,K03943.01,Kepler-1931 b,CONFIRMED,38.5763483,19.861,282.1,2.05,6167.0,1.221,619.0
2660,8282846,K04015.01,Kepler-1539 b,CONFIRMED,133.303247,7.342,1017.5,2.67,5064.0,0.864,301.0
2661,5938970,K04016.01,Kepler-1540 b,CONFIRMED,125.4132302,2.3241,1345.0,3.14,4641.0,0.747,266.0
2662,7375348,K00266.01,Kepler-508 b,CONFIRMED,25.30893566,5.7704,153.7,1.77,5949.0,1.292,710.0
2663,8636434,K03946.01,Kepler-1533 b,CONFIRMED,308.544422,18.503,586.8,3.28,6325.0,1.349,330.0
2664,7810483,K01943.01,Kepler-1676 b,CONFIRMED,29.92208104,2.7716,345.3,3.09,6127.0,1.637,782.0
2665,9904006,K02135.03,Kepler-361 b,CONFIRMED,8.48651582,5.267,110.8,1.34,6178.0,1.267,1060.0
2666,8081187,K01951.01,Kepler-1025 b,CONFIRMED,37.3228722,7.2146,307.5,35.34,4907.0,19.53,1654.0
2667,12061969,K02061.01,Kepler-2001 c,CONFIRMED,14.092583189,4.1536,530.4,1.82,5081.0,0.77,597.0
2668,6342333,K02065.01,Kepler-1789 b,CONFIRMED,80.2321467,4.656,888.7,3.24,5436.0,0.888,380.0
2669,10404582,K02147.02,Kepler-362 b,CONFIRMED,10.32736351,1.889,126.9,1.25,5757.0,1.017,838.0
2670,4570949,K01658.01,Kepler-76 b,CONFIRMED,1.544928892,1.43586,5817.3,13.43,6309.0,1.412,1997.0
2671,11497958,K01422.05,Kepler-296 e,CONFIRMED,34.1420506,2.945,788.0,1.06,3526.0,0.383,248.0
2672,6444896,K03138.01,Kepler-1649 b,CONFIRMED,8.68910764,1.1627,1679.0,0.49,2703.0,0.118,211.0
2673,11442793,K00351.05,Kepler-90 c,CONFIRMED,8.71980135,3.7454,160.4,1.53,5970.0,1.2,987.0
2674,11442793,K00351.06,Kepler-90 b,CONFIRMED,7.00821787,3.812,116.4,1.29,5970.0,1.2,1062.0
2675,9758089,K01871.02,Kepler-1996 b,CONFIRMED,32.376183,4.4639,745.4,2.26,4580.0,0.675,392.0
2676,10005758,K01783.02,Kepler-1662 c,CONFIRMED,284.063137,8.297,1628.1,6.36,5791.0,1.336,321.0
2677,12405333,K03009.01,Kepler-1409 b,CONFIRMED,0.764863517,1.16,150.2,1.04,5231.0,0.86,1733.0
2678,2715695,K03077.01,Kepler-1899 b,CONFIRMED,4.09578199,1.704,405.5,1.64,4791.0,0.742,851.0
2679,11442793,K00351.04,Kepler-90 e,CONFIRMED,91.9401253,9.195,482.9,2.62,5970.0,1.2,450.0
2680,12352520,K03094.01,Kepler-1904 b,CONFIRMED,4.5770016,0.949,710.0,1.33,3805.0,0.497,567.0
2681,7455981,K03096.01,Kepler-1425 b,CONFIRMED,14.4540329,7.183,79.7,0.72,5559.0,0.79,676.0
2682,5474613,K01599.02,Kepler-1659 b,CONFIRMED,13.6164547,5.175,376.1,22.29,5823.0,0.972,755.0
2683,9823519,K02793.02,Kepler-1350 c,CONFIRMED,1.766789509,1.3345,1009.8,1.4,3698.0,0.444,730.0
2684,10587105,K00339.03,Kepler-529 d,CONFIRMED,35.8656484,8.035,250.9,2.44,6078.0,1.189,633.0
2685,8558011,K00577.02,Kepler-607 b,CONFIRMED,0.638162933,1.2313,109.7,0.91,5244.0,0.888,1874.0
2686,7742408,K03478.01,Kepler-1697 b,CONFIRMED,33.4969115,4.833,163.5,2.97,4928.0,1.688,630.0
2687,8231667,K03494.01,Kepler-1926 b,CONFIRMED,42.8774169,1.991,1068.8,2.67,5256.0,0.832,451.0
2688,5437945,K03791.02,Kepler-460 c,CONFIRMED,220.142913,19.528,1796.4,5.94,6340.0,1.393,389.0
2689,1873513,K04928.01,Kepler-1624 b,CONFIRMED,3.290304098,1.7215,13552.6,4.91,3386.0,0.427,540.0
2690,5551240,K05178.01,Kepler-1626 b,CONFIRMED,4.13960513,3.31,106.7,1.24,6535.0,1.181,1352.0
2691,4760478,K05084.01,Kepler-1625 b,CONFIRMED,287.377314,18.821,4376.9,11.67,5548.0,1.793,350.0
2692,6184894,K05245.01,Kepler-1627 b,CONFIRMED,7.20281185,2.8305,1832.6,3.06,5388.0,0.717,794.0
2693,9002278,K00701.04,Kepler-62 f,CONFIRMED,267.282521,7.788,471.9,1.43,4926.0,0.662,207.0
2694,6026438,K02045.03,Kepler-354 c,CONFIRMED,16.9348104,3.408,346.3,1.31,4650.0,0.706,508.0
2695,8753896,K02473.03,Kepler-389 c,CONFIRMED,14.5123622,4.163,355.8,2.08,5094.0,0.87,636.0
2696,11177676,K03281.01,Kepler-1454 b,CONFIRMED,47.0320478,5.892,367.8,1.98,5370.0,1.055,492.0
2697,7731281,K05416.01,Kepler-1628 b,CONFIRMED,76.377855,4.809,11004.0,6.28,3869.0,0.584,240.0
2698,8745553,K05568.01,Kepler-1633 b,CONFIRMED,62.134919,8.711,147.5,6.71,5889.0,4.912,925.0
2699,7978202,K05454.01,Kepler-1630 b,CONFIRMED,509.997402,8.481,1267.0,2.62,5037.0,0.756,182.0
2700,8891684,K05581.01,Kepler-1634 b,CONFIRMED,374.878133,10.556,914.6,4.27,5636.0,1.354,282.0
2701,9715631,K05706.01,Kepler-1636 b,CONFIRMED,425.483539,17.856,996.6,3.2,5977.0,1.022,248.0
2702,10777591,K05827.01,Kepler-1637 b,CONFIRMED,6.10968225,5.735,60.3,0.79,6024.0,1.009,1093.0
2703,8037038,K05466.01,Kepler-1631 b,CONFIRMED,4.09513876,2.462,181.7,1.75,5858.0,0.963,1122.0
2704,8105398,K05475.01,Kepler-1632 b,CONFIRMED,224.150923,12.455,348.6,2.41,6072.0,1.286,369.0
2705,9141355,K05622.01,Kepler-1635 b,CONFIRMED,469.61309,13.709,1234.7,3.24,5474.0,0.763,200.0
2706,11037818,K05856.01,Kepler-1638 b,CONFIRMED,259.34304,16.04,349.7,6.04,5490.0,3.204,449.0
2707,11176166,K05875.01,Kepler-1639 b,CONFIRMED,9.8788502,2.951,454.7,2.64,6477.0,1.148,1003.0
2708,10055126,K01608.03,Kepler-311 d,CONFIRMED,232.040326,12.235,290.8,2.05,5903.0,1.156,327.0
2709,9285265,K03410.02,Kepler-1491 c,CONFIRMED,61.569765,9.75,298.3,2.44,5626.0,1.389,530.0
2710,6368175,K03503.02,Kepler-1703 c,CONFIRMED,31.8245304,4.17,79.0,0.8,6338.0,0.847,589.0
2711,8653134,K06186.01,Kepler-1643 b,CONFIRMED,5.34264143,2.453,691.3,1.72,5101.0,0.67,799.0
2712,8030339,K03954.02,Kepler-1534 b,CONFIRMED,5.71668787,1.97,431.7,1.92,5638.0,0.883,955.0
2713,8037145,K00520.04,Kepler-176 e,CONFIRMED,51.1658019,4.637,259.2,1.51,4963.0,0.826,398.0
2714,7100673,K04032.03,Kepler-1542 d,CONFIRMED,5.99273265,2.6502,69.8,0.91,5574.0,1.065,1010.0
2715,7100673,K04032.04,Kepler-1542 e,CONFIRMED,5.10110666,2.657,65.1,0.85,5574.0,1.065,1065.0
2716,3634051,K06103.01,Kepler-1981 b,CONFIRMED,453.54212,17.026,861.0,9.23,5874.0,3.006,390.0
2717,3645438,K04385.02,Kepler-1600 b,CONFIRMED,386.370512,11.007,1336.4,2.96,5119.0,0.834,209.0
2718,8780959,K03741.03,Kepler-1518 b,CONFIRMED,5.1117547,3.281,267.8,2.81,6432.0,1.345,1351.0
2719,8780959,K03741.04,Kepler-1518 c,CONFIRMED,9.6310258,5.255,297.2,2.9,6432.0,1.345,1094.0
2720,5629353,K06132.02,Kepler-1640 b,CONFIRMED,7.5844241,3.918,1005.0,5.83,6264.0,1.651,1228.0
2721,10717220,K06228.01,Kepler-1644 b,CONFIRMED,21.0907909,4.751,417.6,1.88,5723.0,0.818,606.0
2722,10989274,K06233.01,Kepler-1645 b,CONFIRMED,16.17803,5.18,449.0,2.25,5929.0,1.069,754.0
2723,4247991,K02311.03,Kepler-1185 b,CONFIRMED,104.3519624,3.695,243.8,1.39,5650.0,0.87,355.0
2724,9839821,K02012.02,Kepler-1052 c,CONFIRMED,180.921729,8.99,742.4,2.3,5818.0,0.848,302.0
2725,6221385,K06145.01,Kepler-1641 b,CONFIRMED,19.672324,4.812,649.9,4.07,6486.0,1.485,908.0
2726,6221385,K06145.02,Kepler-1641 c,CONFIRMED,32.657035,5.953,620.4,3.73,6486.0,1.485,767.0
2727,7908367,K06166.01,Kepler-1642 b,CONFIRMED,12.2064304,2.407,1337.2,5.41,5254.0,1.514,895.0
2728,7908367,K06166.02,Kepler-1642 c,CONFIRMED,6.6513189,2.135,1058.4,4.81,5254.0,1.514,1095.0
2729,4142847,K02210.02,Kepler-1143 c,CONFIRMED,210.631486,8.419,1657.8,3.23,4895.0,0.759,234.0
2730,4665571,K02393.02,Kepler-1834 c,CONFIRMED,0.766691517,1.2638,244.0,1.22,4821.0,0.788,1541.0
2731,12206313,K02714.03,Kepler-401 d,CONFIRMED,184.262741,11.94,292.2,2.57,6115.0,1.291,380.0
2732,10122538,K02926.03,Kepler-1388 d,CONFIRMED,20.9569985,3.493,1917.9,2.38,3891.0,0.564,363.0
2733,10122538,K02926.04,Kepler-1388 e,CONFIRMED,37.6333868,4.49,1661.7,2.25,3891.0,0.564,299.0
2734,11125797,K03371.02,Kepler-1482 b,CONFIRMED,12.25384348,2.373,147.7,1.0,5413.0,0.82,678.0
2735,4735826,K03184.02,Kepler-1972 c,CONFIRMED,11.3220104,5.86,17.1,0.91,6003.0,2.193,1215.0
2736,11442793,K00351.07,Kepler-90 f,CONFIRMED,124.922516,11.942,498.7,3.37,5970.0,1.2,407.0
2737,11450414,K01992.03,Kepler-347 d,CONFIRMED,85.517344,9.331,270.2,3.04,5592.0,1.451,482.0
2738,8540376,K07892.01,Kepler-457 d,CONFIRMED,10.692115,4.657,408.4,2.71,6474.0,1.242,1008.0
2739,10843431,K07378.01,Kepler-1999 b,CONFIRMED,8.7396758,3.866,1431.0,3.29,4406.0,0.628,577.0
2740,7350067,K06863.01,Kepler-1646 b,CONFIRMED,4.48559215,0.8161,2265.0,0.95,3236.0,0.193,365.0
2741,9730163,K02704.03,Kepler-445 d,CONFIRMED,8.15275885,1.746,16536.0,2.44,3327.0,0.189,305.0
2742,8311864,K07016.01,Kepler-452 b,CONFIRMED,384.847556,9.969,189.9,1.09,5579.0,0.798,220.0
2743,7935997,K05447.02,Kepler-1629 b,CONFIRMED,3.87594316,2.314,58.6,0.68,5713.0,0.893,1081.0
2744,8873450,K07913.01,Kepler-1975 b,CONFIRMED,24.2783801,4.564,714.4,2.03,4450.0,0.707,432.0
